classification,count
Butyriboletus,1
Chromista|Oomycota|Oomycetes|Peronosporales|Albuginaceae|Albugo,16
Chromista|Oomycota|Oomycetes|Peronosporales|Albuginaceae|Cystopus,4
Chromista|Oomycota|Oomycetes|Peronosporales|Peronosporaceae|Peronospora,11
Fungi,1
Fungi|Algae|Basidiomycota|Agaricomycotina|Agaricomycetes|Agaricomycetidae|Agaricales|Tubiferaceae|Agaricaceae|Lycoperdon,51
Fungi|Ascomycota|Pezizomycotina,3
Fungi|Ascomycota|Pezizomycotina|Arthrosporium,1
Fungi|Ascomycota|Pezizomycotina|Bactridium,9
Fungi|Ascomycota|Pezizomycotina|Chromosporium,5
Fungi|Ascomycota|Pezizomycotina|Cryptomycina,2
Fungi|Ascomycota|Pezizomycotina|Dothideomycetes|Acrospermales|Acrospermaceae,1
Fungi|Ascomycota|Pezizomycotina|Dothideomycetes|Acrospermales|Acrospermaceae|Acrospermum,1
Fungi|Ascomycota|Pezizomycotina|Dothideomycetes|Botryosphaeriales|Botryosphaeriaceae,6
Fungi|Ascomycota|Pezizomycotina|Dothideomycetes|Botryosphaeriales|Botryosphaeriaceae|Botryosphaeria,1
Fungi|Ascomycota|Pezizomycotina|Dothideomycetes|Botryosphaeriales|Botryosphaeriaceae|Dothiorella,3
Fungi|Ascomycota|Pezizomycotina|Dothideomycetes|Botryosphaeriales|Botryosphaeriaceae|Guignardia,1
Fungi|Ascomycota|Pezizomycotina|Dothideomycetes|Botryosphaeriales|Botryosphaeriaceae|Haplosporella,1
Fungi|Ascomycota|Pezizomycotina|Dothideomycetes|Botryosphaeriales|Botryosphaeriaceae|Macrophoma,1
Fungi|Ascomycota|Pezizomycotina|Dothideomycetes|Botryosphaeriales|Botryosphaeriaceae|Phyllosticta,16
Fungi|Ascomycota|Pezizomycotina|Dothideomycetes|Botryosphaeriales|Botryosphaeriaceae|Phyllosticta|Phyllosticta cruenta,1
Fungi|Ascomycota|Pezizomycotina|Dothideomycetes|Dilophospora,1
Fungi|Ascomycota|Pezizomycotina|Dothideomycetes|Dothideomycetidae|Capnodiales|Asterinaceae|Asterina,1
Fungi|Ascomycota|Pezizomycotina|Dothideomycetes|Dothideomycetidae|Capnodiales|Asterinaceae|Dimerosporium,3
Fungi|Ascomycota|Pezizomycotina|Dothideomycetes|Dothideomycetidae|Capnodiales|Asterinaceae|Lembosia,1
Fungi|Ascomycota|Pezizomycotina|Dothideomycetes|Dothideomycetidae|Capnodiales|Capnodiaceae,1
Fungi|Ascomycota|Pezizomycotina|Dothideomycetes|Dothideomycetidae|Capnodiales|Capnodiaceae|Scorias,3
Fungi|Ascomycota|Pezizomycotina|Dothideomycetes|Dothideomycetidae|Capnodiales|Cladosporiaceae|Davidiellaceae|Heterosporium,6
Fungi|Ascomycota|Pezizomycotina|Dothideomycetes|Dothideomycetidae|Capnodiales|Davidiellaceae,1
Fungi|Ascomycota|Pezizomycotina|Dothideomycetes|Dothideomycetidae|Capnodiales|Davidiellaceae|Cladosporium,4
Fungi|Ascomycota|Pezizomycotina|Dothideomycetes|Dothideomycetidae|Capnodiales|Euantennariaceae|Aithalomyces,1
Fungi|Ascomycota|Pezizomycotina|Dothideomycetes|Dothideomycetidae|Capnodiales|Mycosphaerellaceae,7
Fungi|Ascomycota|Pezizomycotina|Dothideomycetes|Dothideomycetidae|Capnodiales|Mycosphaerellaceae|Cercoseptoria,1
Fungi|Ascomycota|Pezizomycotina|Dothideomycetes|Dothideomycetidae|Capnodiales|Mycosphaerellaceae|Cercospora,28
Fungi|Ascomycota|Pezizomycotina|Dothideomycetes|Dothideomycetidae|Capnodiales|Mycosphaerellaceae|Cercosporella,6
Fungi|Ascomycota|Pezizomycotina|Dothideomycetes|Dothideomycetidae|Capnodiales|Mycosphaerellaceae|Cercosporina|Cercosporina berteroae,1
Fungi|Ascomycota|Pezizomycotina|Dothideomycetes|Dothideomycetidae|Capnodiales|Mycosphaerellaceae|Cymadothea,1
Fungi|Ascomycota|Pezizomycotina|Dothideomycetes|Dothideomycetidae|Capnodiales|Mycosphaerellaceae|Discella,1
Fungi|Ascomycota|Pezizomycotina|Dothideomycetes|Dothideomycetidae|Capnodiales|Mycosphaerellaceae|Isariopsis,1
Fungi|Ascomycota|Pezizomycotina|Dothideomycetes|Dothideomycetidae|Capnodiales|Mycosphaerellaceae|Mycosphaerella,6
Fungi|Ascomycota|Pezizomycotina|Dothideomycetes|Dothideomycetidae|Capnodiales|Mycosphaerellaceae|Ophiocarpella,1
Fungi|Ascomycota|Pezizomycotina|Dothideomycetes|Dothideomycetidae|Capnodiales|Mycosphaerellaceae|Ovularia,2
Fungi|Ascomycota|Pezizomycotina|Dothideomycetes|Dothideomycetidae|Capnodiales|Mycosphaerellaceae|Polythrincium,4
Fungi|Ascomycota|Pezizomycotina|Dothideomycetes|Dothideomycetidae|Capnodiales|Mycosphaerellaceae|Ramularia,23
Fungi|Ascomycota|Pezizomycotina|Dothideomycetes|Dothideomycetidae|Capnodiales|Mycosphaerellaceae|Ramularia|Ramularia senecionis,5
Fungi|Ascomycota|Pezizomycotina|Dothideomycetes|Dothideomycetidae|Capnodiales|Mycosphaerellaceae|Septoria,75
Fungi|Ascomycota|Pezizomycotina|Dothideomycetes|Dothideomycetidae|Capnodiales|Mycosphaerellaceae|Sphaerulina,2
Fungi|Ascomycota|Pezizomycotina|Dothideomycetes|Dothideomycetidae|Capnodiales|Scirrhia,1
Fungi|Ascomycota|Pezizomycotina|Dothideomycetes|Dothideomycetidae|Dothideales,1
Fungi|Ascomycota|Pezizomycotina|Dothideomycetes|Dothideomycetidae|Dothideales|Dothideaceae|Dothidea,1
Fungi|Ascomycota|Pezizomycotina|Dothideomycetes|Dothideomycetidae|Dothideales|Dothioraceae|Jaapia,1
Fungi|Ascomycota|Pezizomycotina|Dothideomycetes|Dothideomycetidae|Dothideales|Dothioraceae|Kabatia,2
Fungi|Ascomycota|Pezizomycotina|Dothideomycetes|Dothideomycetidae|Dothideales|Dothioraceae|Plowrightia,1
Fungi|Ascomycota|Pezizomycotina|Dothideomycetes|Dothideomycetidae|Dothideales|Dothioraceae|Sclerophoma,1
Fungi|Ascomycota|Pezizomycotina|Dothideomycetes|Dothideomycetidae|Dothideales|Dothioraceae|Selenophoma,14
Fungi|Ascomycota|Pezizomycotina|Dothideomycetes|Dothideomycetidae|Dothideales|Placosphaeria,1
Fungi|Ascomycota|Pezizomycotina|Dothideomycetes|Dothideomycetidae|Dothideales|Planistromellaceae|Kellermania,2
Fungi|Ascomycota|Pezizomycotina|Dothideomycetes|Dothideomycetidae|Dothideales|Saccotheciaceae|Dothioraceae|Metasphaeria,5
Fungi|Ascomycota|Pezizomycotina|Dothideomycetes|Dothideomycetidae|Dothideales|Saccotheciaceae|Dothioraceae|Protocoronospora,1
Fungi|Ascomycota|Pezizomycotina|Dothideomycetes|Dothideomycetidae|Microthyriales|Microthyriaceae|Microthyrium,1
Fungi|Ascomycota|Pezizomycotina|Dothideomycetes|Dothideomycetidae|Microthyriales|Muyocopronaceae|Microthyriaceae|Ellisiodothis,1
Fungi|Ascomycota|Pezizomycotina|Dothideomycetes|Dothideomycetidae|Myriangiales|Elsinoaceae|ElsinoÅE,1
Fungi|Ascomycota|Pezizomycotina|Dothideomycetes|Dothideomycetidae|Parodiopsidaceae|Dimerium,2
Fungi|Ascomycota|Pezizomycotina|Dothideomycetes|Dothideomycetidae|Parodiopsidaceae|Stomatogene,2
Fungi|Ascomycota|Pezizomycotina|Dothideomycetes|Dothideomycetidae|Polystomellaceae|Dothidella,8
Fungi|Ascomycota|Pezizomycotina|Dothideomycetes|Hysteriales|Hysteriaceae|Gloniella,2
Fungi|Ascomycota|Pezizomycotina|Dothideomycetes|Hysteriales|Hysteriaceae|Glonium,6
Fungi|Ascomycota|Pezizomycotina|Dothideomycetes|Hysteriales|Hysteriaceae|Hysterographium,7
Fungi|Ascomycota|Pezizomycotina|Dothideomycetes|Meliolomycetidae|Meliolales|Meliolaceae|Meliola,2
Fungi|Ascomycota|Pezizomycotina|Dothideomycetes|Patellariales|Patellariaceae|Tryblidiella,5
Fungi|Ascomycota|Pezizomycotina|Dothideomycetes|Pleosporomycetidae|Pleosporales|Ascochyta,7
Fungi|Ascomycota|Pezizomycotina|Dothideomycetes|Pleosporomycetidae|Pleosporales|Dacampiaceae|Teichospora,3
Fungi|Ascomycota|Pezizomycotina|Dothideomycetes|Pleosporomycetidae|Pleosporales|Herpotrichia,5
Fungi|Ascomycota|Pezizomycotina|Dothideomycetes|Pleosporomycetidae|Pleosporales|Leptosphaeriaceae|Coniothyrium,2
Fungi|Ascomycota|Pezizomycotina|Dothideomycetes|Pleosporomycetidae|Pleosporales|Leptosphaeriaceae|Leptosphaeria,11
Fungi|Ascomycota|Pezizomycotina|Dothideomycetes|Pleosporomycetidae|Pleosporales|Leptosphaeriaceae|Leptosphaeria|Leptosphaeria agnita,1
Fungi|Ascomycota|Pezizomycotina|Dothideomycetes|Pleosporomycetidae|Pleosporales|Leptosphaeriaceae|Ophiobolus,1
Fungi|Ascomycota|Pezizomycotina|Dothideomycetes|Pleosporomycetidae|Pleosporales|Lophiostomataceae|Lophiostoma,1
Fungi|Ascomycota|Pezizomycotina|Dothideomycetes|Pleosporomycetidae|Pleosporales|Massarinaceae|Helminthosporium,8
Fungi|Ascomycota|Pezizomycotina|Dothideomycetes|Pleosporomycetidae|Pleosporales|Melanommataceae|Aposphaeria,1
Fungi|Ascomycota|Pezizomycotina|Dothideomycetes|Pleosporomycetidae|Pleosporales|Neopeckia,5
Fungi|Ascomycota|Pezizomycotina|Dothideomycetes|Pleosporomycetidae|Pleosporales|Phaeosphaeriaceae,1
Fungi|Ascomycota|Pezizomycotina|Dothideomycetes|Pleosporomycetidae|Pleosporales|Phaeosphaeriaceae|Darluca,2
Fungi|Ascomycota|Pezizomycotina|Dothideomycetes|Pleosporomycetidae|Pleosporales|Phaeosphaeriaceae|Stagonospora,3
Fungi|Ascomycota|Pezizomycotina|Dothideomycetes|Pleosporomycetidae|Pleosporales|Phaeosphaeriaceae|Stagonospora|Stagonospora agrostidis,1
Fungi|Ascomycota|Pezizomycotina|Dothideomycetes|Pleosporomycetidae|Pleosporales|Phaeosphaeriaceae|Tiarospora,1
Fungi|Ascomycota|Pezizomycotina|Dothideomycetes|Pleosporomycetidae|Pleosporales|Pleomassariaceae|Stegonsporium,1
Fungi|Ascomycota|Pezizomycotina|Dothideomycetes|Pleosporomycetidae|Pleosporales|Pleomassariaceae|Trematosphaeria,2
Fungi|Ascomycota|Pezizomycotina|Dothideomycetes|Pleosporomycetidae|Pleosporales|Pleosporaceae,1
Fungi|Ascomycota|Pezizomycotina|Dothideomycetes|Pleosporomycetidae|Pleosporales|Pleosporaceae|Alternaria,1
Fungi|Ascomycota|Pezizomycotina|Dothideomycetes|Pleosporomycetidae|Pleosporales|Pleosporaceae|Curvularia,1
Fungi|Ascomycota|Pezizomycotina|Dothideomycetes|Pleosporomycetidae|Pleosporales|Pleosporaceae|Epicoccum,1
Fungi|Ascomycota|Pezizomycotina|Dothideomycetes|Pleosporomycetidae|Pleosporales|Pleosporaceae|Macrosporium,2
Fungi|Ascomycota|Pezizomycotina|Dothideomycetes|Pleosporomycetidae|Pleosporales|Pleosporaceae|Pleospora,22
Fungi|Ascomycota|Pezizomycotina|Dothideomycetes|Pleosporomycetidae|Pleosporales|Pleosporaceae|Pyrenophora,2
Fungi|Ascomycota|Pezizomycotina|Dothideomycetes|Pleosporomycetidae|Pleosporales|Sporormiaceae|Berkleasmium,1
Fungi|Ascomycota|Pezizomycotina|Dothideomycetes|Pleosporomycetidae|Pleosporales|Venturiaceae,1
Fungi|Ascomycota|Pezizomycotina|Dothideomycetes|Pleosporomycetidae|Pleosporales|Venturiaceae|Dibotryon,2
Fungi|Ascomycota|Pezizomycotina|Dothideomycetes|Pleosporomycetidae|Pleosporales|Venturiaceae|Piggotia,2
Fungi|Ascomycota|Pezizomycotina|Dothideomycetes|Pleosporomycetidae|Pleosporales|Venturiaceae|Platychora,1
Fungi|Ascomycota|Pezizomycotina|Dothideomycetes|Pleosporomycetidae|Pleosporales|Venturiaceae|Rhizogene,1
Fungi|Ascomycota|Pezizomycotina|Dothideomycetes|Pleosporomycetidae|Pleosporales|Venturiaceae|Sphaerellopsis,1
Fungi|Ascomycota|Pezizomycotina|Dothideomycetes|Pleosporomycetidae|Pleosporales|Venturiaceae|Venturia,1
Fungi|Ascomycota|Pezizomycotina|Dothiopsis,1
Fungi|Ascomycota|Pezizomycotina|Eurotiomycetes|Chaetothyriomycetidae|Chaetothyriales|Bonordeniella,1
Fungi|Ascomycota|Pezizomycotina|Eurotiomycetes|Chaetothyriomycetidae|Chaetothyriales|Coniosporium,1
Fungi|Ascomycota|Pezizomycotina|Eurotiomycetes|Eurotiomycetidae|Eurotiales|Trichocomaceae|Aspergillus,5
Fungi|Ascomycota|Pezizomycotina|Eurotiomycetes|Eurotiomycetidae|Eurotiales|Trichocomaceae|Diplostephanus,1
Fungi|Ascomycota|Pezizomycotina|Eurotiomycetes|Eurotiomycetidae|Eurotiales|Trichocomaceae|Eurotium,1
Fungi|Ascomycota|Pezizomycotina|Eurotiomycetes|Eurotiomycetidae|Eurotiales|Trichocomaceae|Eurotium|Eurotium herbariorum,1
Fungi|Ascomycota|Pezizomycotina|Eurotiomycetes|Eurotiomycetidae|Eurotiales|Trichocomaceae|Sterigmatocystis,1
Fungi|Ascomycota|Pezizomycotina|Exosporium,3
Fungi|Ascomycota|Pezizomycotina|Fumago,1
Fungi|Ascomycota|Pezizomycotina|Gonatobotryum,1
Fungi|Ascomycota|Pezizomycotina|Lecanoromycetes|Dothideomycetes|Lecanoromycetidae|Botryosphaeriales|Thelocarpaceae|Botryosphaeriaceae|Sphaeropsis,4
Fungi|Ascomycota|Pezizomycotina|Lecanoromycetes|Lecanoromycetidae|Lecanorales|Parmeliaceae|Xanthoparmelia,1
Fungi|Ascomycota|Pezizomycotina|Lecanoromycetes|Lecanoromycetidae|Teloschistales|Physciaceae|Physcia|Physcia obscura,1
Fungi|Ascomycota|Pezizomycotina|Lecanoromycetes|Ostropomycetidae|Ostropales|Graphidaceae|Graphis,1
Fungi|Ascomycota|Pezizomycotina|Lecanoromycetes|Ostropomycetidae|Ostropales|Odontotremataceae|Odontotrema,2
Fungi|Ascomycota|Pezizomycotina|Lecanoromycetes|Ostropomycetidae|Ostropales|Stictidaceae|Stictis,3
Fungi|Ascomycota|Pezizomycotina|Leotiomycetes|Chaetomella,1
Fungi|Ascomycota|Pezizomycotina|Leotiomycetes|Dothideomycetes|Leotiomycetidae|Rhytismatales|Hysteriales|Rhytismataceae|Hysteriaceae|Hysterium,4
Fungi|Ascomycota|Pezizomycotina|Leotiomycetes|Dothideomycetes|Leotiomycetidae|Rhytismatales|Hysteriales|Rhytismataceae|Hysteriaceae|Hysterium|Hysterium acuminatum,2
Fungi|Ascomycota|Pezizomycotina|Leotiomycetes|Eurotiomycetes|Leotiomycetidae|Eurotiomycetidae|Helotiales|Eurotiales|Trichocomaceae|Sclerotiniaceae|Penicillium,1
Fungi|Ascomycota|Pezizomycotina|Leotiomycetes|Hainesia,1
Fungi|Ascomycota|Pezizomycotina|Leotiomycetes|Leotiomycetidae|Erysiphales|Erysiphaceae|Erysiphe,53
Fungi|Ascomycota|Pezizomycotina|Leotiomycetes|Leotiomycetidae|Erysiphales|Erysiphaceae|Microsphaera,14
Fungi|Ascomycota|Pezizomycotina|Leotiomycetes|Leotiomycetidae|Erysiphales|Erysiphaceae|Oidium,2
Fungi|Ascomycota|Pezizomycotina|Leotiomycetes|Leotiomycetidae|Erysiphales|Erysiphaceae|Phyllactinia,6
Fungi|Ascomycota|Pezizomycotina|Leotiomycetes|Leotiomycetidae|Erysiphales|Erysiphaceae|Podosphaera,2
Fungi|Ascomycota|Pezizomycotina|Leotiomycetes|Leotiomycetidae|Erysiphales|Erysiphaceae|Uncinula,13
Fungi|Ascomycota|Pezizomycotina|Leotiomycetes|Leotiomycetidae|Erysiphales|Erysiphaceae|Uncinula|Uncinula salicis,1
Fungi|Ascomycota|Pezizomycotina|Leotiomycetes|Leotiomycetidae|Helotiales,3
Fungi|Ascomycota|Pezizomycotina|Leotiomycetes|Leotiomycetidae|Helotiales|Ascocorticiaceae|Ascocorticium,1
Fungi|Ascomycota|Pezizomycotina|Leotiomycetes|Leotiomycetidae|Helotiales|Catinula,1
Fungi|Ascomycota|Pezizomycotina|Leotiomycetes|Leotiomycetidae|Helotiales|Chloroscypha,2
Fungi|Ascomycota|Pezizomycotina|Leotiomycetes|Leotiomycetidae|Helotiales|Cylindrosporium,11
Fungi|Ascomycota|Pezizomycotina|Leotiomycetes|Leotiomycetidae|Helotiales|Dermateaceae,1
Fungi|Ascomycota|Pezizomycotina|Leotiomycetes|Leotiomycetidae|Helotiales|Dermateaceae|Belonium,3
Fungi|Ascomycota|Pezizomycotina|Leotiomycetes|Leotiomycetidae|Helotiales|Dermateaceae|Chlorosplenium,1
Fungi|Ascomycota|Pezizomycotina|Leotiomycetes|Leotiomycetidae|Helotiales|Dermateaceae|Gloeosporium,13
Fungi|Ascomycota|Pezizomycotina|Leotiomycetes|Leotiomycetidae|Helotiales|Dermateaceae|Marssonia,1
Fungi|Ascomycota|Pezizomycotina|Leotiomycetes|Leotiomycetidae|Helotiales|Dermateaceae|Marssonia|Marssonia potentillae,1
Fungi|Ascomycota|Pezizomycotina|Leotiomycetes|Leotiomycetidae|Helotiales|Dermateaceae|Marssonina,7
Fungi|Ascomycota|Pezizomycotina|Leotiomycetes|Leotiomycetidae|Helotiales|Dermateaceae|Mollisia,8
Fungi|Ascomycota|Pezizomycotina|Leotiomycetes|Leotiomycetidae|Helotiales|Dermateaceae|Pseudopeziza,1
Fungi|Ascomycota|Pezizomycotina|Leotiomycetes|Leotiomycetidae|Helotiales|Dermateaceae|Tapesia,1
Fungi|Ascomycota|Pezizomycotina|Leotiomycetes|Leotiomycetidae|Helotiales|Dermateaceae|Tapesia|Tapesia melaleucoides,1
Fungi|Ascomycota|Pezizomycotina|Leotiomycetes|Leotiomycetidae|Helotiales|Dermateaceae|Trichobelonium,1
Fungi|Ascomycota|Pezizomycotina|Leotiomycetes|Leotiomycetidae|Helotiales|Geoglossaceae|Geoglossum,2
Fungi|Ascomycota|Pezizomycotina|Leotiomycetes|Leotiomycetidae|Helotiales|Geoglossaceae|Trichoglossum,1
Fungi|Ascomycota|Pezizomycotina|Leotiomycetes|Leotiomycetidae|Helotiales|Helotiaceae,13
Fungi|Ascomycota|Pezizomycotina|Leotiomycetes|Leotiomycetidae|Helotiales|Helotiaceae|Belonioscypha,1
Fungi|Ascomycota|Pezizomycotina|Leotiomycetes|Leotiomycetidae|Helotiales|Helotiaceae|Bothrodiscus,1
Fungi|Ascomycota|Pezizomycotina|Leotiomycetes|Leotiomycetidae|Helotiales|Helotiaceae|Chlorociboria,11
Fungi|Ascomycota|Pezizomycotina|Leotiomycetes|Leotiomycetidae|Helotiales|Helotiaceae|Clithris,5
Fungi|Ascomycota|Pezizomycotina|Leotiomycetes|Leotiomycetidae|Helotiales|Helotiaceae|Coryne,8
Fungi|Ascomycota|Pezizomycotina|Leotiomycetes|Leotiomycetidae|Helotiales|Helotiaceae|Coryne|Coryne sarcoides,1
Fungi|Ascomycota|Pezizomycotina|Leotiomycetes|Leotiomycetidae|Helotiales|Helotiaceae|Godronia,1
Fungi|Ascomycota|Pezizomycotina|Leotiomycetes|Leotiomycetidae|Helotiales|Helotiaceae|Heteropatella,4
Fungi|Ascomycota|Pezizomycotina|Leotiomycetes|Leotiomycetidae|Helotiales|Helotiaceae|Patellea,1
Fungi|Ascomycota|Pezizomycotina|Leotiomycetes|Leotiomycetidae|Helotiales|Helotiaceae|Pseudodiscosia,1
Fungi|Ascomycota|Pezizomycotina|Leotiomycetes|Leotiomycetidae|Helotiales|Helotiaceae|Scelobelonium,1
Fungi|Ascomycota|Pezizomycotina|Leotiomycetes|Leotiomycetidae|Helotiales|Helotiaceae|Stamnaria,5
Fungi|Ascomycota|Pezizomycotina|Leotiomycetes|Leotiomycetidae|Helotiales|Helotiaceae|Tympanis,4
Fungi|Ascomycota|Pezizomycotina|Leotiomycetes|Leotiomycetidae|Helotiales|Hemiphacidiaceae|Helotiaceae|Mitrula,2
Fungi|Ascomycota|Pezizomycotina|Leotiomycetes|Leotiomycetidae|Helotiales|Hyaloscyphaceae,5
Fungi|Ascomycota|Pezizomycotina|Leotiomycetes|Leotiomycetidae|Helotiales|Hyaloscyphaceae|Calycina,2
Fungi|Ascomycota|Pezizomycotina|Leotiomycetes|Leotiomycetidae|Helotiales|Hyaloscyphaceae|Hyaloscypha,2
Fungi|Ascomycota|Pezizomycotina|Leotiomycetes|Leotiomycetidae|Helotiales|Hyaloscyphaceae|Lachnellula,2
Fungi|Ascomycota|Pezizomycotina|Leotiomycetes|Leotiomycetidae|Helotiales|Hyaloscyphaceae|Lachnum,9
Fungi|Ascomycota|Pezizomycotina|Leotiomycetes|Leotiomycetidae|Helotiales|Hyaloscyphaceae|Velutaria,1
Fungi|Ascomycota|Pezizomycotina|Leotiomycetes|Leotiomycetidae|Helotiales|Lachnaceae|Hyaloscyphaceae|Dasyscypha,4
Fungi|Ascomycota|Pezizomycotina|Leotiomycetes|Leotiomycetidae|Helotiales|Lachnaceae|Hyaloscyphaceae|Dasyscyphus,19
Fungi|Ascomycota|Pezizomycotina|Leotiomycetes|Leotiomycetidae|Helotiales|Patinella,1
Fungi|Ascomycota|Pezizomycotina|Leotiomycetes|Leotiomycetidae|Helotiales|Phacidiaceae,1
Fungi|Ascomycota|Pezizomycotina|Leotiomycetes|Leotiomycetidae|Helotiales|Phacidiaceae|Phacidium,1
Fungi|Ascomycota|Pezizomycotina|Leotiomycetes|Leotiomycetidae|Helotiales|Rhynchosporium,2
Fungi|Ascomycota|Pezizomycotina|Leotiomycetes|Leotiomycetidae|Helotiales|Sclerotiniaceae,1
Fungi|Ascomycota|Pezizomycotina|Leotiomycetes|Leotiomycetidae|Helotiales|Sclerotiniaceae|Epochnium,1
Fungi|Ascomycota|Pezizomycotina|Leotiomycetes|Leotiomycetidae|Helotiales|Sclerotiniaceae|Haplaria,3
Fungi|Ascomycota|Pezizomycotina|Leotiomycetes|Leotiomycetidae|Helotiales|Sclerotiniaceae|Monilia,5
Fungi|Ascomycota|Pezizomycotina|Leotiomycetes|Leotiomycetidae|Helotiales|Sclerotiniaceae|Phytophthora,1
Fungi|Ascomycota|Pezizomycotina|Leotiomycetes|Leotiomycetidae|Helotiales|Sclerotiniaceae|Plasmopara,4
Fungi|Ascomycota|Pezizomycotina|Leotiomycetes|Leotiomycetidae|Helotiales|Sclerotiniaceae|Sclerotinia,5
Fungi|Ascomycota|Pezizomycotina|Leotiomycetes|Leotiomycetidae|Helotiales|Vibrisseaceae|Vibrissea,1
Fungi|Ascomycota|Pezizomycotina|Leotiomycetes|Leotiomycetidae|Leotiales|Bulgariaceae|Bulgaria,5
Fungi|Ascomycota|Pezizomycotina|Leotiomycetes|Leotiomycetidae|Leotiales|Bulgariaceae|Phaeobulgaria,1
Fungi|Ascomycota|Pezizomycotina|Leotiomycetes|Leotiomycetidae|Leotiales|Leotiaceae|Leotia,3
Fungi|Ascomycota|Pezizomycotina|Leotiomycetes|Leotiomycetidae|Rhytismatales|Ascodichaenaceae|Ascodichaena,1
Fungi|Ascomycota|Pezizomycotina|Leotiomycetes|Leotiomycetidae|Rhytismatales|Cudoniaceae|Spathularia,2
Fungi|Ascomycota|Pezizomycotina|Leotiomycetes|Leotiomycetidae|Rhytismatales|Rhytismataceae|Aporia,1
Fungi|Ascomycota|Pezizomycotina|Leotiomycetes|Leotiomycetidae|Rhytismatales|Rhytismataceae|Bifusella,5
Fungi|Ascomycota|Pezizomycotina|Leotiomycetes|Leotiomycetidae|Rhytismatales|Rhytismataceae|Coccomyces,4
Fungi|Ascomycota|Pezizomycotina|Leotiomycetes|Leotiomycetidae|Rhytismatales|Rhytismataceae|Hypoderma,6
Fungi|Ascomycota|Pezizomycotina|Leotiomycetes|Leotiomycetidae|Rhytismatales|Rhytismataceae|Lophodermellina,2
Fungi|Ascomycota|Pezizomycotina|Leotiomycetes|Leotiomycetidae|Rhytismatales|Rhytismataceae|Lophodermina,1
Fungi|Ascomycota|Pezizomycotina|Leotiomycetes|Leotiomycetidae|Rhytismatales|Rhytismataceae|Lophodermium,9
Fungi|Ascomycota|Pezizomycotina|Leotiomycetes|Leotiomycetidae|Rhytismatales|Rhytismataceae|Lophodermium|Lophodermium arundinaceum,1
Fungi|Ascomycota|Pezizomycotina|Leotiomycetes|Leotiomycetidae|Rhytismatales|Rhytismataceae|Melasmia,1
Fungi|Ascomycota|Pezizomycotina|Leotiomycetes|Leotiomycetidae|Rhytismatales|Rhytismataceae|Propolis,3
Fungi|Ascomycota|Pezizomycotina|Leotiomycetes|Leotiomycetidae|Rhytismatales|Rhytismataceae|Rhytisma,10
Fungi|Ascomycota|Pezizomycotina|Leotiomycetes|Plagiorhabdus,1
Fungi|Ascomycota|Pezizomycotina|Leptostromella,1
Fungi|Ascomycota|Pezizomycotina|Lichinomycetes|Lecanoromycetes|Lichinomycetidae|Lecanoromycetidae|Lichinales|Lecanorales|Heppiaceae|Lichinaceae|Guepinia,26
Fungi|Ascomycota|Pezizomycotina|Lichinomycetes|Lichinomycetidae|Lichinales|Lichinaceae,3
Fungi|Ascomycota|Pezizomycotina|Mastigosporium,1
Fungi|Ascomycota|Pezizomycotina|Naemosphaera,6
Fungi|Ascomycota|Pezizomycotina|Orbiliomycetes|Orbiliomycetidae|Orbiliales|Orbiliaceae,3
Fungi|Ascomycota|Pezizomycotina|Pezizomycetes|Pezizomycetidae|Pezizales|Ascobolaceae|Ascobolus,2
Fungi|Ascomycota|Pezizomycotina|Pezizomycetes|Pezizomycetidae|Pezizales|Ascobolaceae|Ascophanus,1
Fungi|Ascomycota|Pezizomycotina|Pezizomycetes|Pezizomycetidae|Pezizales|Discinaceae,1
Fungi|Ascomycota|Pezizomycotina|Pezizomycetes|Pezizomycetidae|Pezizales|Discinaceae|Discina,5
Fungi|Ascomycota|Pezizomycotina|Pezizomycetes|Pezizomycetidae|Pezizales|Discinaceae|Gyromitra,2
Fungi|Ascomycota|Pezizomycotina|Pezizomycetes|Pezizomycetidae|Pezizales|Helvellaceae,1
Fungi|Ascomycota|Pezizomycotina|Pezizomycetes|Pezizomycetidae|Pezizales|Helvellaceae|Barssia,2
Fungi|Ascomycota|Pezizomycotina|Pezizomycetes|Pezizomycetidae|Pezizales|Helvellaceae|Elvela,1
Fungi|Ascomycota|Pezizomycotina|Pezizomycetes|Pezizomycetidae|Pezizales|Helvellaceae|Helvella,23
Fungi|Ascomycota|Pezizomycotina|Pezizomycetes|Pezizomycetidae|Pezizales|Helvellaceae|Paxina,15
Fungi|Ascomycota|Pezizomycotina|Pezizomycetes|Pezizomycetidae|Pezizales|Morchellaceae|Morchella,15
Fungi|Ascomycota|Pezizomycotina|Pezizomycetes|Pezizomycetidae|Pezizales|Morchellaceae|Verpa,3
Fungi|Ascomycota|Pezizomycotina|Pezizomycetes|Pezizomycetidae|Pezizales|Pezizaceae,5
Fungi|Ascomycota|Pezizomycotina|Pezizomycetes|Pezizomycetidae|Pezizales|Pezizaceae|Aleuria,3
Fungi|Ascomycota|Pezizomycotina|Pezizomycetes|Pezizomycetidae|Pezizales|Pezizaceae|Sarcosphaera,6
Fungi|Ascomycota|Pezizomycotina|Pezizomycetes|Pezizomycetidae|Pezizales|Pyronemataceae|Geopyxis,3
Fungi|Ascomycota|Pezizomycotina|Pezizomycetes|Pezizomycetidae|Pezizales|Pyronemataceae|Humaria,1
Fungi|Ascomycota|Pezizomycotina|Pezizomycetes|Pezizomycetidae|Pezizales|Pyronemataceae|Humarina,6
Fungi|Ascomycota|Pezizomycotina|Pezizomycetes|Pezizomycetidae|Pezizales|Pyronemataceae|Melastiza,1
Fungi|Ascomycota|Pezizomycotina|Pezizomycetes|Pezizomycetidae|Pezizales|Pyronemataceae|Otidea,2
Fungi|Ascomycota|Pezizomycotina|Pezizomycetes|Pezizomycetidae|Pezizales|Pyronemataceae|Patella,15
Fungi|Ascomycota|Pezizomycotina|Pezizomycetes|Pezizomycetidae|Pezizales|Pyronemataceae|Psilopezia,1
Fungi|Ascomycota|Pezizomycotina|Pezizomycetes|Pezizomycetidae|Pezizales|Pyronemataceae|Pyronema,2
Fungi|Ascomycota|Pezizomycotina|Pezizomycetes|Pezizomycetidae|Pezizales|Pyronemataceae|Sepultaria,2
Fungi|Ascomycota|Pezizomycotina|Pezizomycetes|Pezizomycetidae|Pezizales|Sarcoscyphaceae|Pithya,3
Fungi|Ascomycota|Pezizomycotina|Pezizomycetes|Pezizomycetidae|Pezizales|Sarcoscyphaceae|Sarcoscypha,2
Fungi|Ascomycota|Pezizomycotina|Pezizomycetes|Pezizomycetidae|Pezizales|Sarcosomataceae,1
Fungi|Ascomycota|Pezizomycotina|Pezizomycetes|Pezizomycetidae|Pezizales|Sarcosomataceae|Plectania,10
Fungi|Ascomycota|Pezizomycotina|Pezizomycetes|Pezizomycetidae|Pezizales|Sarcosomataceae|Pseudoplectania,12
Fungi|Ascomycota|Pezizomycotina|Pezizomycetes|Pezizomycetidae|Pezizales|Sarcosomataceae|Streptothrix,1
Fungi|Ascomycota|Pezizomycotina|Pezizomycetes|Pezizomycetidae|Pezizales|Sarcosomataceae|Urnula,17
Fungi|Ascomycota|Pezizomycotina|Phialea,2
Fungi|Ascomycota|Pezizomycotina|Rhinotrichum,4
Fungi|Ascomycota|Pezizomycotina|Sartorya,1
Fungi|Ascomycota|Pezizomycotina|Septogloeum,1
Fungi|Ascomycota|Pezizomycotina|Sordariomycetes|Dothideomycetes|Dothideomycetidae|Dothideales|Phyllachorales|Dothideaceae|Phyllachoraceae|Phyllachora,23
Fungi|Ascomycota|Pezizomycotina|Sordariomycetes|Dothideomycetes|Sordariomycetidae|Dothideomycetidae|Dothideales|Diaporthales|Melogrammataceae|Dothioraceae|Dothiora,1
Fungi|Ascomycota|Pezizomycotina|Sordariomycetes|Hypocreomycetidae|Coronophorales|Bertiaceae|Bertia,1
Fungi|Ascomycota|Pezizomycotina|Sordariomycetes|Hypocreomycetidae|Coronophorales|Nitschkiaceae|Acanthonitschkea,1
Fungi|Ascomycota|Pezizomycotina|Sordariomycetes|Hypocreomycetidae|Coronophorales|Nitschkiaceae|Fracchiaea,1
Fungi|Ascomycota|Pezizomycotina|Sordariomycetes|Hypocreomycetidae|Hypocreales,1
Fungi|Ascomycota|Pezizomycotina|Sordariomycetes|Hypocreomycetidae|Hypocreales|Bionectriaceae|Dendrodochium,1
Fungi|Ascomycota|Pezizomycotina|Sordariomycetes|Hypocreomycetidae|Hypocreales|Cephalothecium,4
Fungi|Ascomycota|Pezizomycotina|Sordariomycetes|Hypocreomycetidae|Hypocreales|Clavicipitaceae|Balansia,1
Fungi|Ascomycota|Pezizomycotina|Sordariomycetes|Hypocreomycetidae|Hypocreales|Clavicipitaceae|Claviceps,11
Fungi|Ascomycota|Pezizomycotina|Sordariomycetes|Hypocreomycetidae|Hypocreales|Clavicipitaceae|EpichloÅE,2
Fungi|Ascomycota|Pezizomycotina|Sordariomycetes|Hypocreomycetidae|Hypocreales|Clavicipitaceae|Hypocrella,2
Fungi|Ascomycota|Pezizomycotina|Sordariomycetes|Hypocreomycetidae|Hypocreales|Cordycipitaceae,3
Fungi|Ascomycota|Pezizomycotina|Sordariomycetes|Hypocreomycetidae|Hypocreales|Cordycipitaceae|Ceratiomyxa,14
Fungi|Ascomycota|Pezizomycotina|Sordariomycetes|Hypocreomycetidae|Hypocreales|Cordycipitaceae|Cordyceps,3
Fungi|Ascomycota|Pezizomycotina|Sordariomycetes|Hypocreomycetidae|Hypocreales|Cordycipitaceae|Isaria,1
Fungi|Ascomycota|Pezizomycotina|Sordariomycetes|Hypocreomycetidae|Hypocreales|Gliomastix,1
Fungi|Ascomycota|Pezizomycotina|Sordariomycetes|Hypocreomycetidae|Hypocreales|Hypocreaceae|Diplocladium,3
Fungi|Ascomycota|Pezizomycotina|Sordariomycetes|Hypocreomycetidae|Hypocreales|Hypocreaceae|Hypocrea,30
Fungi|Ascomycota|Pezizomycotina|Sordariomycetes|Hypocreomycetidae|Hypocreales|Hypocreaceae|Hypomyces,9
Fungi|Ascomycota|Pezizomycotina|Sordariomycetes|Hypocreomycetidae|Hypocreales|Hypocreaceae|Peckiella,1
Fungi|Ascomycota|Pezizomycotina|Sordariomycetes|Hypocreomycetidae|Hypocreales|Hypocreaceae|Sepedonium,2
Fungi|Ascomycota|Pezizomycotina|Sordariomycetes|Hypocreomycetidae|Hypocreales|Memnoniella,1
Fungi|Ascomycota|Pezizomycotina|Sordariomycetes|Hypocreomycetidae|Hypocreales|Myrothecium,1
Fungi|Ascomycota|Pezizomycotina|Sordariomycetes|Hypocreomycetidae|Hypocreales|Nectriaceae|Chilonectria,1
Fungi|Ascomycota|Pezizomycotina|Sordariomycetes|Hypocreomycetidae|Hypocreales|Nectriaceae|Fusarium,2
Fungi|Ascomycota|Pezizomycotina|Sordariomycetes|Hypocreomycetidae|Hypocreales|Nectriaceae|Fusidium,2
Fungi|Ascomycota|Pezizomycotina|Sordariomycetes|Hypocreomycetidae|Hypocreales|Nectriaceae|Nectria,15
Fungi|Ascomycota|Pezizomycotina|Sordariomycetes|Hypocreomycetidae|Hypocreales|Nectriaceae|Ollula,1
Fungi|Ascomycota|Pezizomycotina|Sordariomycetes|Hypocreomycetidae|Hypocreales|Nectriaceae|Pleonectria,1
Fungi|Ascomycota|Pezizomycotina|Sordariomycetes|Hypocreomycetidae|Hypocreales|Stachybotrys,1
Fungi|Ascomycota|Pezizomycotina|Sordariomycetes|Hypocreomycetidae|Hypocreales|Tilachlidium,1
Fungi|Ascomycota|Pezizomycotina|Sordariomycetes|Hypocreomycetidae|Hypocreales|Trichothecium,3
Fungi|Ascomycota|Pezizomycotina|Sordariomycetes|Hypocreomycetidae|Hypocreales|Ustilaginoidea,1
Fungi|Ascomycota|Pezizomycotina|Sordariomycetes|Hypocreomycetidae|Microascales|Ceratocystidaceae|Endoconidiophora,2
Fungi|Ascomycota|Pezizomycotina|Sordariomycetes|Hypocreomycetidae|Microascales|Ceratocystidaceae|Thielaviopsis,1
Fungi|Ascomycota|Pezizomycotina|Sordariomycetes|Hypocreomycetidae|Microascales|Microascaceae|Magnusia,1
Fungi|Ascomycota|Pezizomycotina|Sordariomycetes|Hypocreomycetidae|Plectosphaerellaceae|Verticillium,1
Fungi|Ascomycota|Pezizomycotina|Sordariomycetes|Lecanoromycetes|Ostropomycetidae|Hypocreomycetidae|Pertusariales|Hypocreales|Nectriaceae|Icmadophilaceae|Tubercularia,1
Fungi|Ascomycota|Pezizomycotina|Sordariomycetes|Phyllachorales|Phyllachoraceae|Trabutia,1
Fungi|Ascomycota|Pezizomycotina|Sordariomycetes|Sordariomycetidae|Annulatascaceae|Ceratostomella,1
Fungi|Ascomycota|Pezizomycotina|Sordariomycetes|Sordariomycetidae|Apiosporaceae|Arthrinium,1
Fungi|Ascomycota|Pezizomycotina|Sordariomycetes|Sordariomycetidae|Boliniales|Boliniaceae|Bolinia,1
Fungi|Ascomycota|Pezizomycotina|Sordariomycetes|Sordariomycetidae|Calosphaeriales|Pleurostomataceae|Pleurostoma,1
Fungi|Ascomycota|Pezizomycotina|Sordariomycetes|Sordariomycetidae|Diaporthales,1
Fungi|Ascomycota|Pezizomycotina|Sordariomycetes|Sordariomycetidae|Diaporthales|Cryphonectriaceae|Endothia,5
Fungi|Ascomycota|Pezizomycotina|Sordariomycetes|Sordariomycetidae|Diaporthales|Cryphonectriaceae|Endothiella,4
Fungi|Ascomycota|Pezizomycotina|Sordariomycetes|Sordariomycetidae|Diaporthales|Diaporthaceae|Diaporthe,1
Fungi|Ascomycota|Pezizomycotina|Sordariomycetes|Sordariomycetidae|Diaporthales|Diaporthaceae|Phomopsis,2
Fungi|Ascomycota|Pezizomycotina|Sordariomycetes|Sordariomycetidae|Diaporthales|Gnomoniaceae|Asteroma,1
Fungi|Ascomycota|Pezizomycotina|Sordariomycetes|Sordariomycetidae|Diaporthales|Gnomoniaceae|Gnomoniella,1
Fungi|Ascomycota|Pezizomycotina|Sordariomycetes|Sordariomycetidae|Diaporthales|Gnomoniaceae|Phoma,6
Fungi|Ascomycota|Pezizomycotina|Sordariomycetes|Sordariomycetidae|Diaporthales|Melanconidaceae|Melanconis,1
Fungi|Ascomycota|Pezizomycotina|Sordariomycetes|Sordariomycetidae|Diaporthales|Melanconidaceae|Melanconium,2
Fungi|Ascomycota|Pezizomycotina|Sordariomycetes|Sordariomycetidae|Diaporthales|Pseudovalsaceae|Coryneum,1
Fungi|Ascomycota|Pezizomycotina|Sordariomycetes|Sordariomycetidae|Diaporthales|Valsaceae,7
Fungi|Ascomycota|Pezizomycotina|Sordariomycetes|Sordariomycetidae|Diaporthales|Valsaceae|Cytospora,6
Fungi|Ascomycota|Pezizomycotina|Sordariomycetes|Sordariomycetidae|Diaporthales|Valsaceae|Cytospora|Cytospora ambiens,1
Fungi|Ascomycota|Pezizomycotina|Sordariomycetes|Sordariomycetidae|Diaporthales|Valsaceae|Cytospora|Cytospora minuta,1
Fungi|Ascomycota|Pezizomycotina|Sordariomycetes|Sordariomycetidae|Diaporthales|Valsaceae|Gnomoniaceae|Radulum,2
Fungi|Ascomycota|Pezizomycotina|Sordariomycetes|Sordariomycetidae|Diaporthales|Valsaceae|Valsella,4
Fungi|Ascomycota|Pezizomycotina|Sordariomycetes|Sordariomycetidae|Diaporthales|Valsaria,5
Fungi|Ascomycota|Pezizomycotina|Sordariomycetes|Sordariomycetidae|Glomerellaceae|Glomerella,1
Fungi|Ascomycota|Pezizomycotina|Sordariomycetes|Sordariomycetidae|Magnaporthaceae|Clasterosporium,2
Fungi|Ascomycota|Pezizomycotina|Sordariomycetes|Sordariomycetidae|Sordariales|Chaetomiaceae|Botryotrichum,1
Fungi|Ascomycota|Pezizomycotina|Sordariomycetes|Sordariomycetidae|Sordariales|Chaetomiaceae|Chaetomium,8
Fungi|Ascomycota|Pezizomycotina|Sordariomycetes|Sordariomycetidae|Sordariales|Chaetomiaceae|Thielavia,1
Fungi|Ascomycota|Pezizomycotina|Sordariomycetes|Sordariomycetidae|Sordariales|Lasiosphaeriaceae,1
Fungi|Ascomycota|Pezizomycotina|Sordariomycetes|Sordariomycetidae|Sordariales|Lasiosphaeriaceae|Bombardia,1
Fungi|Ascomycota|Pezizomycotina|Sordariomycetes|Sordariomycetidae|Sordariales|Lasiosphaeriaceae|Lasiosphaeria,2
Fungi|Ascomycota|Pezizomycotina|Sordariomycetes|Sordariomycetidae|Sordariales|Sordariaceae|Sordaria,1
Fungi|Ascomycota|Pezizomycotina|Sordariomycetes|Trichosphaeriales|Trichosphaeriaceae|Trichosphaeria,4
Fungi|Ascomycota|Pezizomycotina|Sordariomycetes|Xylariomycetidae|Amphisphaeriales|Xylariales|Discosiaceae|Amphisphaeriaceae|Cryptostictis,3
Fungi|Ascomycota|Pezizomycotina|Sordariomycetes|Xylariomycetidae|Hypocreomycetidae|Xylariales|Hypocreales|Xylariaceae|Cordycipitaceae|Xylaria,37
Fungi|Ascomycota|Pezizomycotina|Sordariomycetes|Xylariomycetidae|Hypocreomycetidae|Xylariales|Hypocreales|Xylariaceae|Cordycipitaceae|Xylaria|Xylaria polymorpha,1
Fungi|Ascomycota|Pezizomycotina|Sordariomycetes|Xylariomycetidae|Sordariomycetidae|Xylariales|Diaporthales|Valsaceae|Diatrypaceae|Valsa,4
Fungi|Ascomycota|Pezizomycotina|Sordariomycetes|Xylariomycetidae|Xylariales|Amphisphaeriaceae,2
Fungi|Ascomycota|Pezizomycotina|Sordariomycetes|Xylariomycetidae|Xylariales|Amphisphaeriaceae|Pestalotia,4
Fungi|Ascomycota|Pezizomycotina|Sordariomycetes|Xylariomycetidae|Xylariales|Diatrypaceae,1
Fungi|Ascomycota|Pezizomycotina|Sordariomycetes|Xylariomycetidae|Xylariales|Diatrypaceae|Anthostoma,1
Fungi|Ascomycota|Pezizomycotina|Sordariomycetes|Xylariomycetidae|Xylariales|Diatrypaceae|Diatrype,37
Fungi|Ascomycota|Pezizomycotina|Sordariomycetes|Xylariomycetidae|Xylariales|Diatrypaceae|Eutypa,9
Fungi|Ascomycota|Pezizomycotina|Sordariomycetes|Xylariomycetidae|Xylariales|Diatrypaceae|Eutypella,6
Fungi|Ascomycota|Pezizomycotina|Sordariomycetes|Xylariomycetidae|Xylariales|Diatrypaceae|Quaternaria,1
Fungi|Ascomycota|Pezizomycotina|Sordariomycetes|Xylariomycetidae|Xylariales|Hadrotrichum,1
Fungi|Ascomycota|Pezizomycotina|Sordariomycetes|Xylariomycetidae|Xylariales|Hyponectriaceae|Physalospora,1
Fungi|Ascomycota|Pezizomycotina|Sordariomycetes|Xylariomycetidae|Xylariales|Hypoxylaceae|Xylariaceae|Sphaeria,2
Fungi|Ascomycota|Pezizomycotina|Sordariomycetes|Xylariomycetidae|Xylariales|Xylariaceae,13
Fungi|Ascomycota|Pezizomycotina|Sordariomycetes|Xylariomycetidae|Xylariales|Xylariaceae|Daldinia,21
Fungi|Ascomycota|Pezizomycotina|Sordariomycetes|Xylariomycetidae|Xylariales|Xylariaceae|Fuckelia,1
Fungi|Ascomycota|Pezizomycotina|Sordariomycetes|Xylariomycetidae|Xylariales|Xylariaceae|Hypoxylon,69
Fungi|Ascomycota|Pezizomycotina|Sordariomycetes|Xylariomycetidae|Xylariales|Xylariaceae|Kretzschmaria,1
Fungi|Ascomycota|Pezizomycotina|Sordariomycetes|Xylariomycetidae|Xylariales|Xylariaceae|Nummularia,18
Fungi|Ascomycota|Pezizomycotina|Sordariomycetes|Xylariomycetidae|Xylariales|Xylariaceae|Rosellinia,17
Fungi|Ascomycota|Pezizomycotina|Sordariomycetes|Xylariomycetidae|Xylariales|Xylariaceae|Ustulina,23
Fungi|Ascomycota|Pezizomycotina|Sphaeridium,1
Fungi|Ascomycota|Pezizomycotina|Sphaeronaema,1
Fungi|Ascomycota|Pezizomycotina|Torula,2
Fungi|Ascomycota|Taphrinomycotina|Taphrinomycetes|Taphrinomycetidae|Taphrinales|Taphrinaceae|Exoascus,6
Fungi|Ascomycota|Taphrinomycotina|Taphrinomycetes|Taphrinomycetidae|Taphrinales|Taphrinaceae|Taphrina,25
Fungi|Basidiomycota|Agaricomycotina|Agaricomycetes|Agaricomycetidae|Agaricales,6
Fungi|Basidiomycota|Agaricomycotina|Agaricomycetes|Agaricomycetidae|Agaricales|Agaricaceae,16
Fungi|Basidiomycota|Agaricomycotina|Agaricomycetes|Agaricomycetidae|Agaricales|Agaricaceae|Bovista,3
Fungi|Basidiomycota|Agaricomycotina|Agaricomycetes|Agaricomycetidae|Agaricales|Agaricaceae|Calvatia,29
Fungi|Basidiomycota|Agaricomycotina|Agaricomycetes|Agaricomycetidae|Agaricales|Agaricaceae|Coprinus,15
Fungi|Basidiomycota|Agaricomycotina|Agaricomycetes|Agaricomycetidae|Agaricales|Agaricaceae|Crucibulum,9
Fungi|Basidiomycota|Agaricomycotina|Agaricomycetes|Agaricomycetidae|Agaricales|Agaricaceae|Cyathus,13
Fungi|Basidiomycota|Agaricomycotina|Agaricomycetes|Agaricomycetidae|Agaricales|Agaricaceae|Cystolepiota,1
Fungi|Basidiomycota|Agaricomycotina|Agaricomycetes|Agaricomycetidae|Agaricales|Agaricaceae|Disciseda,2
Fungi|Basidiomycota|Agaricomycotina|Agaricomycetes|Agaricomycetidae|Agaricales|Agaricaceae|Echinoderma,1
Fungi|Basidiomycota|Agaricomycotina|Agaricomycetes|Agaricomycetidae|Agaricales|Agaricaceae|Lepiota,16
Fungi|Basidiomycota|Agaricomycotina|Agaricomycetes|Agaricomycetidae|Agaricales|Agaricaceae|Leucoagaricus,6
Fungi|Basidiomycota|Agaricomycotina|Agaricomycetes|Agaricomycetidae|Agaricales|Agaricaceae|Leucocoprinus,1
Fungi|Basidiomycota|Agaricomycotina|Agaricomycetes|Agaricomycetidae|Agaricales|Agaricaceae|Macrolepiota,2
Fungi|Basidiomycota|Agaricomycotina|Agaricomycetes|Agaricomycetidae|Agaricales|Agaricaceae|Nidula,5
Fungi|Basidiomycota|Agaricomycotina|Agaricomycetes|Agaricomycetidae|Agaricales|Agaricaceae|Ripartitella,1
Fungi|Basidiomycota|Agaricomycotina|Agaricomycetes|Agaricomycetidae|Agaricales|Agaricaceae|Secotium,1
Fungi|Basidiomycota|Agaricomycotina|Agaricomycetes|Agaricomycetidae|Agaricales|Agaricaceae|Tulostoma,1
Fungi|Basidiomycota|Agaricomycotina|Agaricomycetes|Agaricomycetidae|Agaricales|Agaricales Incertae sedis|Leucocybe,1
Fungi|Basidiomycota|Agaricomycotina|Agaricomycetes|Agaricomycetidae|Agaricales|Amanitaceae,8
Fungi|Basidiomycota|Agaricomycotina|Agaricomycetes|Agaricomycetidae|Agaricales|Amanitaceae|Agaricaceae|Amanita,22
Fungi|Basidiomycota|Agaricomycotina|Agaricomycetes|Agaricomycetidae|Agaricales|Bolbitiaceae,2
Fungi|Basidiomycota|Agaricomycotina|Agaricomycetes|Agaricomycetidae|Agaricales|Bolbitiaceae|Bolbitius,1
Fungi|Basidiomycota|Agaricomycotina|Agaricomycetes|Agaricomycetidae|Agaricales|Bolbitiaceae|Conocybe,9
Fungi|Basidiomycota|Agaricomycotina|Agaricomycetes|Agaricomycetidae|Agaricales|Bolbitiaceae|Galeropsis,2
Fungi|Basidiomycota|Agaricomycotina|Agaricomycetes|Agaricomycetidae|Agaricales|Bolbitiaceae|Panaeolus,9
Fungi|Basidiomycota|Agaricomycotina|Agaricomycetes|Agaricomycetidae|Agaricales|Bolbitiaceae|Pluteolus,1
Fungi|Basidiomycota|Agaricomycotina|Agaricomycetes|Agaricomycetidae|Agaricales|Bolbitiaceae|Setchelliogaster,3
Fungi|Basidiomycota|Agaricomycotina|Agaricomycetes|Agaricomycetidae|Agaricales|Clavariaceae,26
Fungi|Basidiomycota|Agaricomycotina|Agaricomycetes|Agaricomycetidae|Agaricales|Clavariaceae|Clavaria,63
Fungi|Basidiomycota|Agaricomycotina|Agaricomycetes|Agaricomycetidae|Agaricales|Clavariaceae|Clavulinopsis,8
Fungi|Basidiomycota|Agaricomycotina|Agaricomycetes|Agaricomycetidae|Agaricales|Clavariaceae|Mucronella,1
Fungi|Basidiomycota|Agaricomycotina|Agaricomycetes|Agaricomycetidae|Agaricales|Clavariaceae|Myxomycidium,2
Fungi|Basidiomycota|Agaricomycotina|Agaricomycetes|Agaricomycetidae|Agaricales|Cortinariaceae,13
Fungi|Basidiomycota|Agaricomycotina|Agaricomycetes|Agaricomycetidae|Agaricales|Cortinariaceae|Cortinarius,70
Fungi|Basidiomycota|Agaricomycotina|Agaricomycetes|Agaricomycetidae|Agaricales|Cyphellaceae,1
Fungi|Basidiomycota|Agaricomycotina|Agaricomycetes|Agaricomycetidae|Agaricales|Cyphellaceae|Cyphella,2
Fungi|Basidiomycota|Agaricomycotina|Agaricomycetes|Agaricomycetidae|Agaricales|Entolomataceae,1
Fungi|Basidiomycota|Agaricomycotina|Agaricomycetes|Agaricomycetidae|Agaricales|Entolomataceae|Entoloma,13
Fungi|Basidiomycota|Agaricomycotina|Agaricomycetes|Agaricomycetidae|Agaricales|Fistulinaceae|Fistulina,3
Fungi|Basidiomycota|Agaricomycotina|Agaricomycetes|Agaricomycetidae|Agaricales|Hydnangiaceae|Hydnangium,1
Fungi|Basidiomycota|Agaricomycotina|Agaricomycetes|Agaricomycetidae|Agaricales|Hydnangiaceae|Laccaria,6
Fungi|Basidiomycota|Agaricomycotina|Agaricomycetes|Agaricomycetidae|Agaricales|Hygrophoraceae,1
Fungi|Basidiomycota|Agaricomycotina|Agaricomycetes|Agaricomycetidae|Agaricales|Hygrophoraceae|Ampulloclitocybe,1
Fungi|Basidiomycota|Agaricomycotina|Agaricomycetes|Agaricomycetidae|Agaricales|Hygrophoraceae|Camarophyllopsis,1
Fungi|Basidiomycota|Agaricomycotina|Agaricomycetes|Agaricomycetidae|Agaricales|Hygrophoraceae|Chrysomphalina,1
Fungi|Basidiomycota|Agaricomycotina|Agaricomycetes|Agaricomycetidae|Agaricales|Hygrophoraceae|Gliophorus,1
Fungi|Basidiomycota|Agaricomycotina|Agaricomycetes|Agaricomycetidae|Agaricales|Hygrophoraceae|Hygrocybe,8
Fungi|Basidiomycota|Agaricomycotina|Agaricomycetes|Agaricomycetidae|Agaricales|Hygrophoraceae|Hygrophorus,5
Fungi|Basidiomycota|Agaricomycotina|Agaricomycetes|Agaricomycetidae|Agaricales|Hygrophoraceae|Lichenomphalia,1
Fungi|Basidiomycota|Agaricomycotina|Agaricomycetes|Agaricomycetidae|Agaricales|Inocybaceae,1
Fungi|Basidiomycota|Agaricomycotina|Agaricomycetes|Agaricomycetidae|Agaricales|Inocybaceae|Crepidotus,15
Fungi|Basidiomycota|Agaricomycotina|Agaricomycetes|Agaricomycetidae|Agaricales|Inocybaceae|Inocybe,7
Fungi|Basidiomycota|Agaricomycotina|Agaricomycetes|Agaricomycetidae|Agaricales|Lyophyllaceae|Hypsizygus,3
Fungi|Basidiomycota|Agaricomycotina|Agaricomycetes|Agaricomycetidae|Agaricales|Lyophyllaceae|Lyophyllum,1
Fungi|Basidiomycota|Agaricomycotina|Agaricomycetes|Agaricomycetidae|Agaricales|Lyophyllaceae|Ossicaulis,1
Fungi|Basidiomycota|Agaricomycotina|Agaricomycetes|Agaricomycetidae|Agaricales|Marasmiaceae,3
Fungi|Basidiomycota|Agaricomycotina|Agaricomycetes|Agaricomycetidae|Agaricales|Marasmiaceae|Baeospora,2
Fungi|Basidiomycota|Agaricomycotina|Agaricomycetes|Agaricomycetidae|Agaricales|Marasmiaceae|Clitocybula,1
Fungi|Basidiomycota|Agaricomycotina|Agaricomycetes|Agaricomycetidae|Agaricales|Marasmiaceae|Connopus,3
Fungi|Basidiomycota|Agaricomycotina|Agaricomycetes|Agaricomycetidae|Agaricales|Marasmiaceae|Crinipellis,4
Fungi|Basidiomycota|Agaricomycotina|Agaricomycetes|Agaricomycetidae|Agaricales|Marasmiaceae|Lentinula,2
Fungi|Basidiomycota|Agaricomycotina|Agaricomycetes|Agaricomycetidae|Agaricales|Marasmiaceae|Marasmius,29
Fungi|Basidiomycota|Agaricomycotina|Agaricomycetes|Agaricomycetidae|Agaricales|Marasmiaceae|Megacollybia,6
Fungi|Basidiomycota|Agaricomycotina|Agaricomycetes|Agaricomycetidae|Agaricales|Marasmiaceae|Mycetinis,1
Fungi|Basidiomycota|Agaricomycotina|Agaricomycetes|Agaricomycetidae|Agaricales|Marasmiaceae|Omphalotus,5
Fungi|Basidiomycota|Agaricomycotina|Agaricomycetes|Agaricomycetidae|Agaricales|Marasmiaceae|Rhodocollybia,2
Fungi|Basidiomycota|Agaricomycotina|Agaricomycetes|Agaricomycetidae|Agaricales|Marasmiaceae|Tetrapyrgos,1
Fungi|Basidiomycota|Agaricomycotina|Agaricomycetes|Agaricomycetidae|Agaricales|Mycenaceae,11
Fungi|Basidiomycota|Agaricomycotina|Agaricomycetes|Agaricomycetidae|Agaricales|Mycenaceae|Mycena,69
Fungi|Basidiomycota|Agaricomycotina|Agaricomycetes|Agaricomycetidae|Agaricales|Mycenaceae|Panellus,20
Fungi|Basidiomycota|Agaricomycotina|Agaricomycetes|Agaricomycetidae|Agaricales|Mycenaceae|Xeromphalina,5
Fungi|Basidiomycota|Agaricomycotina|Agaricomycetes|Agaricomycetidae|Agaricales|Omphalotaceae|Marasmiaceae|Marasmiellus,2
Fungi|Basidiomycota|Agaricomycotina|Agaricomycetes|Agaricomycetidae|Agaricales|Physalacriaceae,1
Fungi|Basidiomycota|Agaricomycotina|Agaricomycetes|Agaricomycetidae|Agaricales|Physalacriaceae|Armillaria,30
Fungi|Basidiomycota|Agaricomycotina|Agaricomycetes|Agaricomycetidae|Agaricales|Physalacriaceae|Flammulina,26
Fungi|Basidiomycota|Agaricomycotina|Agaricomycetes|Agaricomycetidae|Agaricales|Physalacriaceae|Rhizomorpha,1
Fungi|Basidiomycota|Agaricomycotina|Agaricomycetes|Agaricomycetidae|Agaricales|Physalacriaceae|Xerula,1
Fungi|Basidiomycota|Agaricomycotina|Agaricomycetes|Agaricomycetidae|Agaricales|Pleurotaceae,3
Fungi|Basidiomycota|Agaricomycotina|Agaricomycetes|Agaricomycetidae|Agaricales|Pleurotaceae|Hohenbuehelia,7
Fungi|Basidiomycota|Agaricomycotina|Agaricomycetes|Agaricomycetidae|Agaricales|Pleurotaceae|Pleurotus,46
Fungi|Basidiomycota|Agaricomycotina|Agaricomycetes|Agaricomycetidae|Agaricales|Pluteaceae,1
Fungi|Basidiomycota|Agaricomycotina|Agaricomycetes|Agaricomycetidae|Agaricales|Pluteaceae|Pluteus,23
Fungi|Basidiomycota|Agaricomycotina|Agaricomycetes|Agaricomycetidae|Agaricales|Pluteaceae|Volvariella,3
Fungi|Basidiomycota|Agaricomycotina|Agaricomycetes|Agaricomycetidae|Agaricales|Pluteaceae|Volvariopsis,1
Fungi|Basidiomycota|Agaricomycotina|Agaricomycetes|Agaricomycetidae|Agaricales|Psathyrellaceae,4
Fungi|Basidiomycota|Agaricomycotina|Agaricomycetes|Agaricomycetidae|Agaricales|Psathyrellaceae|Coprinellus,2
Fungi|Basidiomycota|Agaricomycotina|Agaricomycetes|Agaricomycetidae|Agaricales|Psathyrellaceae|Lacrymaria,1
Fungi|Basidiomycota|Agaricomycotina|Agaricomycetes|Agaricomycetidae|Agaricales|Psathyrellaceae|Parasola,1
Fungi|Basidiomycota|Agaricomycotina|Agaricomycetes|Agaricomycetidae|Agaricales|Psathyrellaceae|Physalacriaceae|Coprinopsis,7
Fungi|Basidiomycota|Agaricomycotina|Agaricomycetes|Agaricomycetidae|Agaricales|Psathyrellaceae|Psathyra,1
Fungi|Basidiomycota|Agaricomycotina|Agaricomycetes|Agaricomycetidae|Agaricales|Psathyrellaceae|Psathyrella,11
Fungi|Basidiomycota|Agaricomycotina|Agaricomycetes|Agaricomycetidae|Agaricales|Schizophyllaceae|Schizophyllum,23
Fungi|Basidiomycota|Agaricomycotina|Agaricomycetes|Agaricomycetidae|Agaricales|Strophariaceae,17
Fungi|Basidiomycota|Agaricomycotina|Agaricomycetes|Agaricomycetidae|Agaricales|Strophariaceae|Agrocybe,2
Fungi|Basidiomycota|Agaricomycotina|Agaricomycetes|Agaricomycetidae|Agaricales|Strophariaceae|Galerina,3
Fungi|Basidiomycota|Agaricomycotina|Agaricomycetes|Agaricomycetidae|Agaricales|Strophariaceae|Gymnopilus,1
Fungi|Basidiomycota|Agaricomycotina|Agaricomycetes|Agaricomycetidae|Agaricales|Strophariaceae|Hebeloma,5
Fungi|Basidiomycota|Agaricomycotina|Agaricomycetes|Agaricomycetidae|Agaricales|Strophariaceae|Hymenogaster,1
Fungi|Basidiomycota|Agaricomycotina|Agaricomycetes|Agaricomycetidae|Agaricales|Strophariaceae|Hypholoma,38
Fungi|Basidiomycota|Agaricomycotina|Agaricomycetes|Agaricomycetidae|Agaricales|Strophariaceae|Naucoria,3
Fungi|Basidiomycota|Agaricomycotina|Agaricomycetes|Agaricomycetidae|Agaricales|Strophariaceae|Pholiota,15
Fungi|Basidiomycota|Agaricomycotina|Agaricomycetes|Agaricomycetidae|Agaricales|Strophariaceae|Psilocybe,3
Fungi|Basidiomycota|Agaricomycotina|Agaricomycetes|Agaricomycetidae|Agaricales|Strophariaceae|Stropharia,3
Fungi|Basidiomycota|Agaricomycotina|Agaricomycetes|Agaricomycetidae|Agaricales|Tricholomataceae,32
Fungi|Basidiomycota|Agaricomycotina|Agaricomycetes|Agaricomycetidae|Agaricales|Tricholomataceae|Agaricaceae|Resupinatus,12
Fungi|Basidiomycota|Agaricomycotina|Agaricomycetes|Agaricomycetidae|Agaricales|Tricholomataceae|Arrhenia,6
Fungi|Basidiomycota|Agaricomycotina|Agaricomycetes|Agaricomycetidae|Agaricales|Tricholomataceae|Cantharellula,1
Fungi|Basidiomycota|Agaricomycotina|Agaricomycetes|Agaricomycetidae|Agaricales|Tricholomataceae|Caulorhiza,1
Fungi|Basidiomycota|Agaricomycotina|Agaricomycetes|Agaricomycetidae|Agaricales|Tricholomataceae|Clitocybe,26
Fungi|Basidiomycota|Agaricomycotina|Agaricomycetes|Agaricomycetidae|Agaricales|Tricholomataceae|Collybia,24
Fungi|Basidiomycota|Agaricomycotina|Agaricomycetes|Agaricomycetidae|Agaricales|Tricholomataceae|Delicatula,1
Fungi|Basidiomycota|Agaricomycotina|Agaricomycetes|Agaricomycetidae|Agaricales|Tricholomataceae|Lepista,12
Fungi|Basidiomycota|Agaricomycotina|Agaricomycetes|Agaricomycetidae|Agaricales|Tricholomataceae|Leptotus,1
Fungi|Basidiomycota|Agaricomycotina|Agaricomycetes|Agaricomycetidae|Agaricales|Tricholomataceae|Leucocortinarius,2
Fungi|Basidiomycota|Agaricomycotina|Agaricomycetes|Agaricomycetidae|Agaricales|Tricholomataceae|Leucopaxillus,1
Fungi|Basidiomycota|Agaricomycotina|Agaricomycetes|Agaricomycetidae|Agaricales|Tricholomataceae|Melanoleuca,3
Fungi|Basidiomycota|Agaricomycotina|Agaricomycetes|Agaricomycetidae|Agaricales|Tricholomataceae|Omphalia,3
Fungi|Basidiomycota|Agaricomycotina|Agaricomycetes|Agaricomycetidae|Agaricales|Tricholomataceae|Omphalina,2
Fungi|Basidiomycota|Agaricomycotina|Agaricomycetes|Agaricomycetidae|Agaricales|Tricholomataceae|Paralepista,1
Fungi|Basidiomycota|Agaricomycotina|Agaricomycetes|Agaricomycetidae|Agaricales|Tricholomataceae|Phyllotopsis,10
Fungi|Basidiomycota|Agaricomycotina|Agaricomycetes|Agaricomycetidae|Agaricales|Tricholomataceae|Pseudoclitocybe,1
Fungi|Basidiomycota|Agaricomycotina|Agaricomycetes|Agaricomycetidae|Agaricales|Tricholomataceae|Tricholoma,13
Fungi|Basidiomycota|Agaricomycotina|Agaricomycetes|Agaricomycetidae|Agaricales|Tricholomataceae|Tricholomopsis,1
Fungi|Basidiomycota|Agaricomycotina|Agaricomycetes|Agaricomycetidae|Agaricales|Typhulaceae,9
Fungi|Basidiomycota|Agaricomycotina|Agaricomycetes|Agaricomycetidae|Agaricales|Typhulaceae|Macrotyphula,1
Fungi|Basidiomycota|Agaricomycotina|Agaricomycetes|Agaricomycetidae|Agaricales|Typhulaceae|Typhula,2
Fungi|Basidiomycota|Agaricomycotina|Agaricomycetes|Agaricomycetidae|Boletales|Agaricales|Suillaceae|Marasmiaceae|Gymnopus,23
Fungi|Basidiomycota|Agaricomycotina|Agaricomycetes|Agaricomycetidae|Boletales|Agaricales|Suillaceae|Marasmiaceae|Solenia,6
Fungi|Basidiomycota|Agaricomycotina|Agaricomycetes|Agaricomycetidae|Boletales|Boletaceae,21
Fungi|Basidiomycota|Agaricomycotina|Agaricomycetes|Agaricomycetidae|Boletales|Boletaceae|Aureoboletus,1
Fungi|Basidiomycota|Agaricomycotina|Agaricomycetes|Agaricomycetidae|Boletales|Boletaceae|Austroboletus,4
Fungi|Basidiomycota|Agaricomycotina|Agaricomycetes|Agaricomycetidae|Boletales|Boletaceae|Boletellus,1
Fungi|Basidiomycota|Agaricomycotina|Agaricomycetes|Agaricomycetidae|Boletales|Boletaceae|Heimioporus,1
Fungi|Basidiomycota|Agaricomycotina|Agaricomycetes|Agaricomycetidae|Boletales|Boletaceae|Leccinum,1
Fungi|Basidiomycota|Agaricomycotina|Agaricomycetes|Agaricomycetidae|Boletales|Boletaceae|Octaviania,1
Fungi|Basidiomycota|Agaricomycotina|Agaricomycetes|Agaricomycetidae|Boletales|Boletaceae|Porphyrellus,1
Fungi|Basidiomycota|Agaricomycotina|Agaricomycetes|Agaricomycetidae|Boletales|Boletaceae|Pulveroboletus,1
Fungi|Basidiomycota|Agaricomycotina|Agaricomycetes|Agaricomycetidae|Boletales|Boletaceae|Strobilomyces,5
Fungi|Basidiomycota|Agaricomycotina|Agaricomycetes|Agaricomycetidae|Boletales|Boletaceae|Suillellus,1
Fungi|Basidiomycota|Agaricomycotina|Agaricomycetes|Agaricomycetidae|Boletales|Boletaceae|Tylopilus,7
Fungi|Basidiomycota|Agaricomycotina|Agaricomycetes|Agaricomycetidae|Boletales|Boletaceae|Xanthoconium,1
Fungi|Basidiomycota|Agaricomycotina|Agaricomycetes|Agaricomycetidae|Boletales|Boletaceae|Xerocomellus,6
Fungi|Basidiomycota|Agaricomycotina|Agaricomycetes|Agaricomycetidae|Boletales|Calostomataceae,1
Fungi|Basidiomycota|Agaricomycotina|Agaricomycetes|Agaricomycetidae|Boletales|Calostomataceae|Calostoma,2
Fungi|Basidiomycota|Agaricomycotina|Agaricomycetes|Agaricomycetidae|Boletales|Coniophoraceae,3
Fungi|Basidiomycota|Agaricomycotina|Agaricomycetes|Agaricomycetidae|Boletales|Coniophoraceae|Coniophora,8
Fungi|Basidiomycota|Agaricomycotina|Agaricomycetes|Agaricomycetidae|Boletales|Coniophoraceae|Meruliporia,1
Fungi|Basidiomycota|Agaricomycotina|Agaricomycetes|Agaricomycetidae|Boletales|Diplocystidiaceae|Astraeus,9
Fungi|Basidiomycota|Agaricomycotina|Agaricomycetes|Agaricomycetidae|Boletales|Gomphidiaceae|Gomphidius,2
Fungi|Basidiomycota|Agaricomycotina|Agaricomycetes|Agaricomycetidae|Boletales|Hygrophoropsidaceae|Hygrophoropsis,3
Fungi|Basidiomycota|Agaricomycotina|Agaricomycetes|Agaricomycetidae|Boletales|Paxillaceae|Alpova,1
Fungi|Basidiomycota|Agaricomycotina|Agaricomycetes|Agaricomycetidae|Boletales|Paxillaceae|Melanogaster,1
Fungi|Basidiomycota|Agaricomycotina|Agaricomycetes|Agaricomycetidae|Boletales|Paxillaceae|Paxillus,6
Fungi|Basidiomycota|Agaricomycotina|Agaricomycetes|Agaricomycetidae|Boletales|Rhizopogonaceae,1
Fungi|Basidiomycota|Agaricomycotina|Agaricomycetes|Agaricomycetidae|Boletales|Rhizopogonaceae|Rhizopogon,10
Fungi|Basidiomycota|Agaricomycotina|Agaricomycetes|Agaricomycetidae|Boletales|Sclerodermataceae,1
Fungi|Basidiomycota|Agaricomycotina|Agaricomycetes|Agaricomycetidae|Boletales|Sclerodermataceae|Pisolithus,1
Fungi|Basidiomycota|Agaricomycotina|Agaricomycetes|Agaricomycetidae|Boletales|Sclerodermataceae|Scleroderma,9
Fungi|Basidiomycota|Agaricomycotina|Agaricomycetes|Agaricomycetidae|Boletales|Serpulaceae|Serpula,5
Fungi|Basidiomycota|Agaricomycotina|Agaricomycetes|Agaricomycetidae|Boletales|Suillaceae|Gyroporaceae|Suillus,19
Fungi|Basidiomycota|Agaricomycotina|Agaricomycetes|Agaricomycetidae|Polyporales,28
Fungi|Basidiomycota|Agaricomycotina|Agaricomycetes|Agaricomycetidae|Polyporales|Agaricales|Auriculariales|Polyporaceae|Entolomataceae|Auriculariaceae|Hirneola,14
Fungi|Basidiomycota|Agaricomycotina|Agaricomycetes|Agaricomycetidae|Polyporales|Agaricales|Fomitopsidaceae|Amanitaceae|Agaricaceae|Agaricus,16
Fungi|Basidiomycota|Agaricomycotina|Agaricomycetes|Agaricomycetidae|Polyporales|Cantharellales|Meruliaceae|Cantharellaceae|Merulius,14
Fungi|Basidiomycota|Agaricomycotina|Agaricomycetes|Agaricomycetidae|Polyporales|Cantharellales|Polyporaceae|Hydnaceae|Sistotrema,2
Fungi|Basidiomycota|Agaricomycotina|Agaricomycetes|Agaricomycetidae|Polyporales|Corticiales|Phanerochaetaceae|Corticiaceae|Corticium,57
Fungi|Basidiomycota|Agaricomycotina|Agaricomycetes|Agaricomycetidae|Polyporales|Fomitopsidaceae|Anomoloma,2
Fungi|Basidiomycota|Agaricomycotina|Agaricomycetes|Agaricomycetidae|Polyporales|Fomitopsidaceae|Antrodia,8
Fungi|Basidiomycota|Agaricomycotina|Agaricomycetes|Agaricomycetidae|Polyporales|Fomitopsidaceae|Daedalea,84
Fungi|Basidiomycota|Agaricomycotina|Agaricomycetes|Agaricomycetidae|Polyporales|Fomitopsidaceae|Daedalea|Daedalea ambigua,1
Fungi|Basidiomycota|Agaricomycotina|Agaricomycetes|Agaricomycetidae|Polyporales|Fomitopsidaceae|Donkioporia,1
Fungi|Basidiomycota|Agaricomycotina|Agaricomycetes|Agaricomycetidae|Polyporales|Fomitopsidaceae|Fibroporia,8
Fungi|Basidiomycota|Agaricomycotina|Agaricomycetes|Agaricomycetidae|Polyporales|Fomitopsidaceae|Fomitopsis,11
Fungi|Basidiomycota|Agaricomycotina|Agaricomycetes|Agaricomycetidae|Polyporales|Fomitopsidaceae|Ischnoderma,23
Fungi|Basidiomycota|Agaricomycotina|Agaricomycetes|Agaricomycetidae|Polyporales|Fomitopsidaceae|Laetiporus,21
Fungi|Basidiomycota|Agaricomycotina|Agaricomycetes|Agaricomycetidae|Polyporales|Fomitopsidaceae|Phaeolus,5
Fungi|Basidiomycota|Agaricomycotina|Agaricomycetes|Agaricomycetidae|Polyporales|Fomitopsidaceae|Postia,13
Fungi|Basidiomycota|Agaricomycotina|Agaricomycetes|Agaricomycetidae|Polyporales|Fomitopsidaceae|Pycnoporellus,10
Fungi|Basidiomycota|Agaricomycotina|Agaricomycetes|Agaricomycetidae|Polyporales|Fomitopsidaceae|Rhodofomes,16
Fungi|Basidiomycota|Agaricomycotina|Agaricomycetes|Agaricomycetidae|Polyporales|Fomitopsidaceae|Sporotrichum,1
Fungi|Basidiomycota|Agaricomycotina|Agaricomycetes|Agaricomycetidae|Polyporales|Ganodermataceae|Ganoderma,81
Fungi|Basidiomycota|Agaricomycotina|Agaricomycetes|Agaricomycetidae|Polyporales|Meripilaceae|Grifola,8
Fungi|Basidiomycota|Agaricomycotina|Agaricomycetes|Agaricomycetidae|Polyporales|Meripilaceae|Meripilus,2
Fungi|Basidiomycota|Agaricomycotina|Agaricomycetes|Agaricomycetidae|Polyporales|Meripilaceae|Rigidoporus,18
Fungi|Basidiomycota|Agaricomycotina|Agaricomycetes|Agaricomycetidae|Polyporales|Meruliaceae,8
Fungi|Basidiomycota|Agaricomycotina|Agaricomycetes|Agaricomycetidae|Polyporales|Meruliaceae|Abortiporus,2
Fungi|Basidiomycota|Agaricomycotina|Agaricomycetes|Agaricomycetidae|Polyporales|Meruliaceae|Bjerkandera,46
Fungi|Basidiomycota|Agaricomycotina|Agaricomycetes|Agaricomycetidae|Polyporales|Meruliaceae|Bjerkandera|Bjerkandera adusta,1
Fungi|Basidiomycota|Agaricomycotina|Agaricomycetes|Agaricomycetidae|Polyporales|Meruliaceae|Gloeoporus,7
Fungi|Basidiomycota|Agaricomycotina|Agaricomycetes|Agaricomycetidae|Polyporales|Meruliaceae|Irpex,35
Fungi|Basidiomycota|Agaricomycotina|Agaricomycetes|Agaricomycetidae|Polyporales|Meruliaceae|Junghuhnia,6
Fungi|Basidiomycota|Agaricomycotina|Agaricomycetes|Agaricomycetidae|Polyporales|Meruliaceae|Loweomyces,1
Fungi|Basidiomycota|Agaricomycotina|Agaricomycetes|Agaricomycetidae|Polyporales|Meruliaceae|Mycoacia,4
Fungi|Basidiomycota|Agaricomycotina|Agaricomycetes|Agaricomycetidae|Polyporales|Meruliaceae|Mycorrhaphium,4
Fungi|Basidiomycota|Agaricomycotina|Agaricomycetes|Agaricomycetidae|Polyporales|Meruliaceae|Odontia,1
Fungi|Basidiomycota|Agaricomycotina|Agaricomycetes|Agaricomycetidae|Polyporales|Meruliaceae|Oxydontia,1
Fungi|Basidiomycota|Agaricomycotina|Agaricomycetes|Agaricomycetidae|Polyporales|Meruliaceae|Phlebia,51
Fungi|Basidiomycota|Agaricomycotina|Agaricomycetes|Agaricomycetidae|Polyporales|Meruliaceae|Sarcodontia,6
Fungi|Basidiomycota|Agaricomycotina|Agaricomycetes|Agaricomycetidae|Polyporales|Meruliaceae|Scopuloides,3
Fungi|Basidiomycota|Agaricomycotina|Agaricomycetes|Agaricomycetidae|Polyporales|Meruliaceae|Steccherinum,30
Fungi|Basidiomycota|Agaricomycotina|Agaricomycetes|Agaricomycetidae|Polyporales|Phanerochaetaceae|Antrodiella,3
Fungi|Basidiomycota|Agaricomycotina|Agaricomycetes|Agaricomycetidae|Polyporales|Phanerochaetaceae|Byssomerulius,4
Fungi|Basidiomycota|Agaricomycotina|Agaricomycetes|Agaricomycetidae|Polyporales|Phanerochaetaceae|Ceriporia,12
Fungi|Basidiomycota|Agaricomycotina|Agaricomycetes|Agaricomycetidae|Polyporales|Phanerochaetaceae|Ceriporiopsis,5
Fungi|Basidiomycota|Agaricomycotina|Agaricomycetes|Agaricomycetidae|Polyporales|Phanerochaetaceae|Climacodon,12
Fungi|Basidiomycota|Agaricomycotina|Agaricomycetes|Agaricomycetidae|Polyporales|Phanerochaetaceae|Meruliopsis,7
Fungi|Basidiomycota|Agaricomycotina|Agaricomycetes|Agaricomycetidae|Polyporales|Polyporaceae,36
Fungi|Basidiomycota|Agaricomycotina|Agaricomycetes|Agaricomycetidae|Polyporales|Polyporaceae|Amyloporia,1
Fungi|Basidiomycota|Agaricomycotina|Agaricomycetes|Agaricomycetidae|Polyporales|Polyporaceae|Aurantiporus,1
Fungi|Basidiomycota|Agaricomycotina|Agaricomycetes|Agaricomycetidae|Polyporales|Polyporaceae|Cerioporus,1
Fungi|Basidiomycota|Agaricomycotina|Agaricomycetes|Agaricomycetidae|Polyporales|Polyporaceae|Cinereomyces,5
Fungi|Basidiomycota|Agaricomycotina|Agaricomycetes|Agaricomycetidae|Polyporales|Polyporaceae|Coriolopsis,6
Fungi|Basidiomycota|Agaricomycotina|Agaricomycetes|Agaricomycetidae|Polyporales|Polyporaceae|Coriolus,1
Fungi|Basidiomycota|Agaricomycotina|Agaricomycetes|Agaricomycetidae|Polyporales|Polyporaceae|Cryptoporus,7
Fungi|Basidiomycota|Agaricomycotina|Agaricomycetes|Agaricomycetidae|Polyporales|Polyporaceae|Daedaleopsis,22
Fungi|Basidiomycota|Agaricomycotina|Agaricomycetes|Agaricomycetidae|Polyporales|Polyporaceae|Dichomitus,1
Fungi|Basidiomycota|Agaricomycotina|Agaricomycetes|Agaricomycetidae|Polyporales|Polyporaceae|Fomes,67
Fungi|Basidiomycota|Agaricomycotina|Agaricomycetes|Agaricomycetidae|Polyporales|Polyporaceae|Fomes|Fomes igniarius,1
Fungi|Basidiomycota|Agaricomycotina|Agaricomycetes|Agaricomycetidae|Polyporales|Polyporaceae|Fomes|Fomes pini,1
Fungi|Basidiomycota|Agaricomycotina|Agaricomycetes|Agaricomycetidae|Polyporales|Polyporaceae|Fomitopsidaceae|Polyporus,57
Fungi|Basidiomycota|Agaricomycotina|Agaricomycetes|Agaricomycetidae|Polyporales|Polyporaceae|Fuscocerrena,16
Fungi|Basidiomycota|Agaricomycotina|Agaricomycetes|Agaricomycetidae|Polyporales|Polyporaceae|Globifomes,1
Fungi|Basidiomycota|Agaricomycotina|Agaricomycetes|Agaricomycetidae|Polyporales|Polyporaceae|Hapalopilus,3
Fungi|Basidiomycota|Agaricomycotina|Agaricomycetes|Agaricomycetidae|Polyporales|Polyporaceae|Hexagonia,5
Fungi|Basidiomycota|Agaricomycotina|Agaricomycetes|Agaricomycetidae|Polyporales|Polyporaceae|Lentinus,11
Fungi|Basidiomycota|Agaricomycotina|Agaricomycetes|Agaricomycetidae|Polyporales|Polyporaceae|Lenzites,34
Fungi|Basidiomycota|Agaricomycotina|Agaricomycetes|Agaricomycetidae|Polyporales|Polyporaceae|Melanoporia,5
Fungi|Basidiomycota|Agaricomycotina|Agaricomycetes|Agaricomycetidae|Polyporales|Polyporaceae|Microporellus,3
Fungi|Basidiomycota|Agaricomycotina|Agaricomycetes|Agaricomycetidae|Polyporales|Polyporaceae|Neolentinus,2
Fungi|Basidiomycota|Agaricomycotina|Agaricomycetes|Agaricomycetidae|Polyporales|Polyporaceae|Nigroporus,1
Fungi|Basidiomycota|Agaricomycotina|Agaricomycetes|Agaricomycetidae|Polyporales|Polyporaceae|Pachykytospora,2
Fungi|Basidiomycota|Agaricomycotina|Agaricomycetes|Agaricomycetidae|Polyporales|Polyporaceae|Panus,14
Fungi|Basidiomycota|Agaricomycotina|Agaricomycetes|Agaricomycetidae|Polyporales|Polyporaceae|Perenniporia,68
Fungi|Basidiomycota|Agaricomycotina|Agaricomycetes|Agaricomycetidae|Polyporales|Polyporaceae|Perenniporia|Perenniporia medulla-panis,1
Fungi|Basidiomycota|Agaricomycotina|Agaricomycetes|Agaricomycetidae|Polyporales|Polyporaceae|Poria,19
Fungi|Basidiomycota|Agaricomycotina|Agaricomycetes|Agaricomycetidae|Polyporales|Polyporaceae|Poronidulus,23
Fungi|Basidiomycota|Agaricomycotina|Agaricomycetes|Agaricomycetidae|Polyporales|Polyporaceae|Pycnoporus,1
Fungi|Basidiomycota|Agaricomycotina|Agaricomycetes|Agaricomycetidae|Polyporales|Polyporaceae|Rhodonia,2
Fungi|Basidiomycota|Agaricomycotina|Agaricomycetes|Agaricomycetidae|Polyporales|Polyporaceae|Skeletocutis,2
Fungi|Basidiomycota|Agaricomycotina|Agaricomycetes|Agaricomycetidae|Polyporales|Polyporaceae|Spongipellis,9
Fungi|Basidiomycota|Agaricomycotina|Agaricomycetes|Agaricomycetidae|Polyporales|Polyporaceae|Trametes,145
Fungi|Basidiomycota|Agaricomycotina|Agaricomycetes|Agaricomycetidae|Polyporales|Polyporaceae|Trichaptum,60
Fungi|Basidiomycota|Agaricomycotina|Agaricomycetes|Agaricomycetidae|Polyporales|Polyporaceae|Tyromyces,14
Fungi|Basidiomycota|Agaricomycotina|Agaricomycetes|Agaricomycetidae|Polyporales|Sparassidaceae|Sparassis,1
Fungi|Basidiomycota|Agaricomycotina|Agaricomycetes|Agaricomycetidae|Polyporales|Thelephorales|Meruliaceae|Bankeraceae|Hydnellum,12
Fungi|Basidiomycota|Agaricomycotina|Agaricomycetes|Auriculariales|Auriculariaceae|Auricularia,12
Fungi|Basidiomycota|Agaricomycotina|Agaricomycetes|Auriculariales|Auriculariaceae|Exidia,47
Fungi|Basidiomycota|Agaricomycotina|Agaricomycetes|Auriculariales|Auriculariaceae|Seismosarca,6
Fungi|Basidiomycota|Agaricomycotina|Agaricomycetes|Cantharellales,2
Fungi|Basidiomycota|Agaricomycotina|Agaricomycetes|Cantharellales|Botryobasidiaceae|Botryobasidium,2
Fungi|Basidiomycota|Agaricomycotina|Agaricomycetes|Cantharellales|Cantharellaceae,1
Fungi|Basidiomycota|Agaricomycotina|Agaricomycetes|Cantharellales|Cantharellaceae|Cantharellus,6
Fungi|Basidiomycota|Agaricomycotina|Agaricomycetes|Cantharellales|Cantharellaceae|Craterellus,12
Fungi|Basidiomycota|Agaricomycotina|Agaricomycetes|Cantharellales|Ceratobasidiaceae|Pellicularia,1
Fungi|Basidiomycota|Agaricomycotina|Agaricomycetes|Cantharellales|Clavulinaceae|Clavulina,12
Fungi|Basidiomycota|Agaricomycotina|Agaricomycetes|Cantharellales|Hydnaceae,6
Fungi|Basidiomycota|Agaricomycotina|Agaricomycetes|Cantharellales|Hydnaceae|Hydnum,26
Fungi|Basidiomycota|Agaricomycotina|Agaricomycetes|Cantharellales|Tulasnellaceae|Tulasnella,2
Fungi|Basidiomycota|Agaricomycotina|Agaricomycetes|Corticiales|Corticiaceae,10
Fungi|Basidiomycota|Agaricomycotina|Agaricomycetes|Corticiales|Corticiaceae|Cytidia,2
Fungi|Basidiomycota|Agaricomycotina|Agaricomycetes|Corticiales|Corticiaceae|Punctularia,1
Fungi|Basidiomycota|Agaricomycotina|Agaricomycetes|Gloeophyllales,1
Fungi|Basidiomycota|Agaricomycotina|Agaricomycetes|Gloeophyllales|Gloeophyllaceae|Gloeophyllum,15
Fungi|Basidiomycota|Agaricomycotina|Agaricomycetes|Hymenochaetales,22
Fungi|Basidiomycota|Agaricomycotina|Agaricomycetes|Hymenochaetales|Hymenochaetaceae|Coltricia,13
Fungi|Basidiomycota|Agaricomycotina|Agaricomycetes|Hymenochaetales|Hymenochaetaceae|Coltriciella,2
Fungi|Basidiomycota|Agaricomycotina|Agaricomycetes|Hymenochaetales|Hymenochaetaceae|Fomitiporia,14
Fungi|Basidiomycota|Agaricomycotina|Agaricomycetes|Hymenochaetales|Hymenochaetaceae|Fulvifomes,6
Fungi|Basidiomycota|Agaricomycotina|Agaricomycetes|Hymenochaetales|Hymenochaetaceae|Fuscoporia,6
Fungi|Basidiomycota|Agaricomycotina|Agaricomycetes|Hymenochaetales|Hymenochaetaceae|Hydnochaete,1
Fungi|Basidiomycota|Agaricomycotina|Agaricomycetes|Hymenochaetales|Hymenochaetaceae|Hymenochaete,62
Fungi|Basidiomycota|Agaricomycotina|Agaricomycetes|Hymenochaetales|Hymenochaetaceae|Inocutis,3
Fungi|Basidiomycota|Agaricomycotina|Agaricomycetes|Hymenochaetales|Hymenochaetaceae|Inonotopsis,1
Fungi|Basidiomycota|Agaricomycotina|Agaricomycetes|Hymenochaetales|Hymenochaetaceae|Inonotus,18
Fungi|Basidiomycota|Agaricomycotina|Agaricomycetes|Hymenochaetales|Hymenochaetaceae|Onnia,4
Fungi|Basidiomycota|Agaricomycotina|Agaricomycetes|Hymenochaetales|Hymenochaetaceae|Phellinidium,1
Fungi|Basidiomycota|Agaricomycotina|Agaricomycetes|Hymenochaetales|Hymenochaetaceae|Phellinus,130
Fungi|Basidiomycota|Agaricomycotina|Agaricomycetes|Hymenochaetales|Hymenochaetaceae|Phellinus|Phellinus pomaceus,1
Fungi|Basidiomycota|Agaricomycotina|Agaricomycetes|Hymenochaetales|Hymenochaetaceae|Phylloporia,1
Fungi|Basidiomycota|Agaricomycotina|Agaricomycetes|Hymenochaetales|Hymenochaetaceae|Porodaedalea,4
Fungi|Basidiomycota|Agaricomycotina|Agaricomycetes|Hymenochaetales|Rickenellaceae|Rickenella,2
Fungi|Basidiomycota|Agaricomycotina|Agaricomycetes|Hymenochaetales|Rickenellaceae|Sidera,7
Fungi|Basidiomycota|Agaricomycotina|Agaricomycetes|Hymenochaetales|Schizoporaceae|Hyphodontia,4
Fungi|Basidiomycota|Agaricomycotina|Agaricomycetes|Hymenochaetales|Schizoporaceae|Oxyporus,25
Fungi|Basidiomycota|Agaricomycotina|Agaricomycetes|Hymenochaetales|Schizoporaceae|Schizopora,9
Fungi|Basidiomycota|Agaricomycotina|Agaricomycetes|Hymenochaetales|Schizoporaceae|Xylodon,1
Fungi|Basidiomycota|Agaricomycotina|Agaricomycetes|Hypolyssus,1
Fungi|Basidiomycota|Agaricomycotina|Agaricomycetes|Phallomycetidae|Agaricomycetidae|Gomphales|Agaricales|Gomphaceae|Agaricaceae|Chlorophyllum,5
Fungi|Basidiomycota|Agaricomycotina|Agaricomycetes|Phallomycetidae|Agaricomycetidae|Gomphales|Agaricales|Gomphaceae|Clavariaceae|Ramaria,20
Fungi|Basidiomycota|Agaricomycotina|Agaricomycetes|Phallomycetidae|Agaricomycetidae|Gomphales|Boletales|Gomphidiaceae|Gomphaceae|Gomphus,1
Fungi|Basidiomycota|Agaricomycotina|Agaricomycetes|Phallomycetidae|Geastrales|Geastraceae,4
Fungi|Basidiomycota|Agaricomycotina|Agaricomycetes|Phallomycetidae|Geastrales|Geastraceae|Geaster,5
Fungi|Basidiomycota|Agaricomycotina|Agaricomycetes|Phallomycetidae|Geastrales|Geastraceae|Geastrum,6
Fungi|Basidiomycota|Agaricomycotina|Agaricomycetes|Phallomycetidae|Geastrales|Geastraceae|Sphaerobolus,1
Fungi|Basidiomycota|Agaricomycotina|Agaricomycetes|Phallomycetidae|Gomphales|Gomphaceae|Clavariadelphus,1
Fungi|Basidiomycota|Agaricomycotina|Agaricomycetes|Phallomycetidae|Gomphales|Gomphaceae|Gautieria,1
Fungi|Basidiomycota|Agaricomycotina|Agaricomycetes|Phallomycetidae|Gomphales|Gomphaceae|Phaeoclavulina,2
Fungi|Basidiomycota|Agaricomycotina|Agaricomycetes|Phallomycetidae|Gomphales|Gomphaceae|Ramariopsis,3
Fungi|Basidiomycota|Agaricomycotina|Agaricomycetes|Phallomycetidae|Gomphales|Gomphaceae|Turbinellus,4
Fungi|Basidiomycota|Agaricomycotina|Agaricomycetes|Phallomycetidae|Gomphales|Lentariaceae|Hydnocristella,3
Fungi|Basidiomycota|Agaricomycotina|Agaricomycetes|Phallomycetidae|Gomphales|Lentariaceae|Kavinia,1
Fungi|Basidiomycota|Agaricomycotina|Agaricomycetes|Phallomycetidae|Gomphales|Lentariaceae|Lentaria,2
Fungi|Basidiomycota|Agaricomycotina|Agaricomycetes|Phallomycetidae|Hysterangiales|Hysterangiaceae|Hysterangium,1
Fungi|Basidiomycota|Agaricomycotina|Agaricomycetes|Phallomycetidae|Hysterangiales|Hysterangiaceae|Hysterangium|Hysterangium stoloniferum,1
Fungi|Basidiomycota|Agaricomycotina|Agaricomycetes|Phallomycetidae|Phallales|Phallaceae,1
Fungi|Basidiomycota|Agaricomycotina|Agaricomycetes|Phallomycetidae|Phallales|Phallaceae|Dictyophora,1
Fungi|Basidiomycota|Agaricomycotina|Agaricomycetes|Phallomycetidae|Phallales|Phallaceae|Mutinus,2
Fungi|Basidiomycota|Agaricomycotina|Agaricomycetes|Phallomycetidae|Phallales|Phallaceae|Phallus,2
Fungi|Basidiomycota|Agaricomycotina|Agaricomycetes|Pilacre,4
Fungi|Basidiomycota|Agaricomycotina|Agaricomycetes|Russulales|Albatrellaceae|Albatrellus,4
Fungi|Basidiomycota|Agaricomycotina|Agaricomycetes|Russulales|Albatrellaceae|Scutiger,4
Fungi|Basidiomycota|Agaricomycotina|Agaricomycetes|Russulales|Auriscalpiaceae|Auriscalpium,7
Fungi|Basidiomycota|Agaricomycotina|Agaricomycetes|Russulales|Auriscalpiaceae|Lentinellus,16
Fungi|Basidiomycota|Agaricomycotina|Agaricomycetes|Russulales|Bondarzewiaceae|Bondarzewia,2
Fungi|Basidiomycota|Agaricomycotina|Agaricomycetes|Russulales|Echinodontiaceae|Echinodontium,6
Fungi|Basidiomycota|Agaricomycotina|Agaricomycetes|Russulales|Hericiaceae|Hericium,12
Fungi|Basidiomycota|Agaricomycotina|Agaricomycetes|Russulales|Hericiaceae|Hericium|Hericium coralloides,1
Fungi|Basidiomycota|Agaricomycotina|Agaricomycetes|Russulales|Lachnocladiaceae|Lachnocladium,4
Fungi|Basidiomycota|Agaricomycotina|Agaricomycetes|Russulales|Peniophoraceae,11
Fungi|Basidiomycota|Agaricomycotina|Agaricomycetes|Russulales|Peniophoraceae|Gloeopeniophora,1
Fungi|Basidiomycota|Agaricomycotina|Agaricomycetes|Russulales|Peniophoraceae|Peniophora,61
Fungi|Basidiomycota|Agaricomycotina|Agaricomycetes|Russulales|Russulaceae,1
Fungi|Basidiomycota|Agaricomycotina|Agaricomycetes|Russulales|Russulaceae|Lactarius,24
Fungi|Basidiomycota|Agaricomycotina|Agaricomycetes|Russulales|Russulaceae|Russula,53
Fungi|Basidiomycota|Agaricomycotina|Agaricomycetes|Russulales|Stereaceae|Aleurodiscus,25
Fungi|Basidiomycota|Agaricomycotina|Agaricomycetes|Russulales|Stereaceae|Stereum,214
Fungi|Basidiomycota|Agaricomycotina|Agaricomycetes|Russulales|Stereaceae|Xylobolus,1
Fungi|Basidiomycota|Agaricomycotina|Agaricomycetes|Sebacinales|Sebacinaceae,1
Fungi|Basidiomycota|Agaricomycotina|Agaricomycetes|Sebacinales|Sebacinaceae|Tremellodendron,11
Fungi|Basidiomycota|Agaricomycotina|Agaricomycetes|Thelephorales,9
Fungi|Basidiomycota|Agaricomycotina|Agaricomycetes|Thelephorales|Bankeraceae,2
Fungi|Basidiomycota|Agaricomycotina|Agaricomycetes|Thelephorales|Bankeraceae|Phellodon,3
Fungi|Basidiomycota|Agaricomycotina|Agaricomycetes|Thelephorales|Bankeraceae|Sarcodon,1
Fungi|Basidiomycota|Agaricomycotina|Agaricomycetes|Thelephorales|Thelephoraceae,9
Fungi|Basidiomycota|Agaricomycotina|Agaricomycetes|Thelephorales|Thelephoraceae|Thelephora,28
Fungi|Basidiomycota|Agaricomycotina|Agaricomycetes|Trechisporales|Hydnodontaceae|Brevicellicium,1
Fungi|Basidiomycota|Agaricomycotina|Agaricomycetes|Trechisporales|Hydnodontaceae|Pseudohydnum,1
Fungi|Basidiomycota|Agaricomycotina|Agaricomycetes|Trechisporales|Hydnodontaceae|Trechispora,7
Fungi|Basidiomycota|Agaricomycotina|Agaricomycetes|Trechisporales|Thelephorales|Thelephoraceae|Hydnodontaceae|Tomentella,1
Fungi|Basidiomycota|Agaricomycotina|Dacrymycetes|Agaricomycetes|Agaricomycetidae|Agaricales|Dacrymycetales|Tympanidaceae|Schizophyllaceae|Dacrymycetaceae|Ditiola,1
Fungi|Basidiomycota|Agaricomycotina|Dacrymycetes|Dacrymycetales|Dacrymycetaceae,2
Fungi|Basidiomycota|Agaricomycotina|Dacrymycetes|Dacrymycetales|Dacrymycetaceae|Arrhytidia,1
Fungi|Basidiomycota|Agaricomycotina|Dacrymycetes|Dacrymycetales|Dacrymycetaceae|Calocera,4
Fungi|Basidiomycota|Agaricomycotina|Dacrymycetes|Dacrymycetales|Dacrymycetaceae|Dacrymyces,29
Fungi|Basidiomycota|Agaricomycotina|Dacrymycetes|Dacrymycetales|Dacrymycetaceae|Dacryomyces,8
Fungi|Basidiomycota|Agaricomycotina|Dacrymycetes|Dacrymycetales|Dacrymycetaceae|Femsjonia,1
Fungi|Basidiomycota|Agaricomycotina|Dacrymycetes|Dacrymycetales|Dacrymycetaceae|Guepiniopsis,10
Fungi|Basidiomycota|Agaricomycotina|Dacrymycetes|Dacrymycetales|Dacrymycetaceae|Heterotextus,6
Fungi|Basidiomycota|Agaricomycotina|Tremellomycetes|Tremellales|Tremellaceae,2
Fungi|Basidiomycota|Agaricomycotina|Tremellomycetes|Tremellales|Tremellaceae|Tremella,6
Fungi|Basidiomycota|Ascomycota|Pezizomycotina|Agaricomycotina|Arthoniomycetes|Agaricomycetes|Arthoniomycetidae|Arthoniales|Thelephorales|Arthoniaceae|Thelephoraceae|Hypochnus,14
Fungi|Basidiomycota|Ascomycota|Pezizomycotina|Agaricomycotina|Lecanoromycetes|Agaricomycetes|Ostropomycetidae|Agaricomycetidae|Ostropales|Agaricales|Pluteaceae|Gyalectaceae|Volvaria,1
Fungi|Basidiomycota|Ascomycota|Pezizomycotina|Agaricomycotina|Leotiomycetes|Agaricomycetes|Leotiomycetidae|Agaricomycetidae|Helotiales|Agaricales|Mycenaceae|Helotiaceae|Helotium,36
Fungi|Basidiomycota|Ascomycota|Pezizomycotina|Agaricomycotina|Leotiomycetes|Agaricomycetes|Leotiomycetidae|Agaricomycetidae|Helotiales|Agaricales|Tricholomataceae|Geoglossaceae|Leptoglossum,1
Fungi|Basidiomycota|Ascomycota|Pezizomycotina|Agaricomycotina|Pezizomycetes|Agaricomycetes|Pezizomycetidae|Agaricomycetidae|Pezizales|Agaricales|Pezizaceae|Agaricaceae|Peziza,34
Fungi|Basidiomycota|Ascomycota|Pezizomycotina|Agaricomycotina|Pezizomycetes|Agaricomycetes|Pezizomycetidae|Agaricomycetidae|Pezizales|Boletales|Morchellaceae|Boletaceae|Boletus,15
Fungi|Basidiomycota|Ascomycota|Pezizomycotina|Agaricomycotina|Sordariomycetes|Agaricomycetes|Hypocreomycetidae|Agaricomycetidae|Polyporales|Hypocreales|Meruliaceae|Hyphoderma,2
Fungi|Basidiomycota|Ascomycota|Pucciniomycotina|Pezizomycotina|Pucciniomycetes|Eurotiomycetes|Chaetothyriomycetidae|Pyrenulales|Pucciniales|Pyrenulaceae|Uropyxidaceae|Polythelis,2
Fungi|Basidiomycota|Ascomycota|Pucciniomycotina|Pucciniomycetes|Pucciniales|Aplosporellaceae|Melampsoraceae|Podosporium,1
Fungi|Basidiomycota|Pucciniomycotina|Pucciniomycetes|Platygloeales|Eocronartiaceae|Herpobasidium,1
Fungi|Basidiomycota|Pucciniomycotina|Pucciniomycetes|Platygloeales|Platygloeaceae|Eocronartium,1
Fungi|Basidiomycota|Pucciniomycotina|Pucciniomycetes|Pucciniales,15
Fungi|Basidiomycota|Pucciniomycotina|Pucciniomycetes|Pucciniales|Aecidium,36
Fungi|Basidiomycota|Pucciniomycotina|Pucciniomycetes|Pucciniales|Caeoma,4
Fungi|Basidiomycota|Pucciniomycotina|Pucciniomycetes|Pucciniales|Coleopuccinia,1
Fungi|Basidiomycota|Pucciniomycotina|Pucciniomycetes|Pucciniales|Coleosporiaceae|Chrysomyxa,9
Fungi|Basidiomycota|Pucciniomycotina|Pucciniomycetes|Pucciniales|Coleosporiaceae|Coleosporium,54
Fungi|Basidiomycota|Pucciniomycotina|Pucciniomycetes|Pucciniales|Coleosporiaceae|Gallowaya,1
Fungi|Basidiomycota|Pucciniomycotina|Pucciniomycetes|Pucciniales|Coleosporiaceae|Melampsoropsis,3
Fungi|Basidiomycota|Pucciniomycotina|Pucciniomycetes|Pucciniales|Cronartiaceae|Cronartium,17
Fungi|Basidiomycota|Pucciniomycotina|Pucciniomycetes|Pucciniales|Cronartiaceae|Cronartium|Cronartium asclepiadeum,1
Fungi|Basidiomycota|Pucciniomycotina|Pucciniomycetes|Pucciniales|Cronartiaceae|Peridermium,5
Fungi|Basidiomycota|Pucciniomycotina|Pucciniomycetes|Pucciniales|Melampsoraceae|Melampsora,53
Fungi|Basidiomycota|Pucciniomycotina|Pucciniomycetes|Pucciniales|Phakopsoraceae|Cerotelium,3
Fungi|Basidiomycota|Pucciniomycotina|Pucciniomycetes|Pucciniales|Phakopsoraceae|Phakopsora,3
Fungi|Basidiomycota|Pucciniomycotina|Pucciniomycetes|Pucciniales|Phakopsoraceae|Pucciniostele,2
Fungi|Basidiomycota|Pucciniomycotina|Pucciniomycetes|Pucciniales|Phragmidiaceae|Earlea,2
Fungi|Basidiomycota|Pucciniomycotina|Pucciniomycetes|Pucciniales|Phragmidiaceae|Frommea,1
Fungi|Basidiomycota|Pucciniomycotina|Pucciniomycetes|Pucciniales|Phragmidiaceae|Gymnoconia,9
Fungi|Basidiomycota|Pucciniomycotina|Pucciniomycetes|Pucciniales|Phragmidiaceae|Hamaspora,1
Fungi|Basidiomycota|Pucciniomycotina|Pucciniomycetes|Pucciniales|Phragmidiaceae|Kuehneola,2
Fungi|Basidiomycota|Pucciniomycotina|Pucciniomycetes|Pucciniales|Phragmidiaceae|Phragmidium,44
Fungi|Basidiomycota|Pucciniomycotina|Pucciniomycetes|Pucciniales|Phragmidiaceae|Trachyspora,2
Fungi|Basidiomycota|Pucciniomycotina|Pucciniomycetes|Pucciniales|Phragmidiaceae|Xenodochus,2
Fungi|Basidiomycota|Pucciniomycotina|Pucciniomycetes|Pucciniales|Pileolariaceae|Pileolaria,8
Fungi|Basidiomycota|Pucciniomycotina|Pucciniomycetes|Pucciniales|Pucciniaceae,3
Fungi|Basidiomycota|Pucciniomycotina|Pucciniomycetes|Pucciniales|Pucciniaceae|Allodus,2
Fungi|Basidiomycota|Pucciniomycotina|Pucciniomycetes|Pucciniales|Pucciniaceae|Cumminsiella,3
Fungi|Basidiomycota|Pucciniomycotina|Pucciniomycetes|Pucciniales|Pucciniaceae|Dicaeoma,2
Fungi|Basidiomycota|Pucciniomycotina|Pucciniomycetes|Pucciniales|Pucciniaceae|Gymnosporangium,41
Fungi|Basidiomycota|Pucciniomycotina|Pucciniomycetes|Pucciniales|Pucciniaceae|Micropuccinia,1
Fungi|Basidiomycota|Pucciniomycotina|Pucciniomycetes|Pucciniales|Pucciniaceae|Puccinia,677
Fungi|Basidiomycota|Pucciniomycotina|Pucciniomycetes|Pucciniales|Pucciniaceae|Puccinia|Puccinia andropogonis,1
Fungi|Basidiomycota|Pucciniomycotina|Pucciniomycetes|Pucciniales|Pucciniaceae|Puccinia|Puccinia caricis,1
Fungi|Basidiomycota|Pucciniomycotina|Pucciniomycetes|Pucciniales|Pucciniaceae|Puccinia|Puccinia euphorbiae,1
Fungi|Basidiomycota|Pucciniomycotina|Pucciniomycetes|Pucciniales|Pucciniaceae|Puccinia|Puccinia extensicola,8
Fungi|Basidiomycota|Pucciniomycotina|Pucciniomycetes|Pucciniales|Pucciniaceae|Puccinia|Puccinia graminis,2
Fungi|Basidiomycota|Pucciniomycotina|Pucciniomycetes|Pucciniales|Pucciniaceae|Puccinia|Puccinia jonesii,1
Fungi|Basidiomycota|Pucciniomycotina|Pucciniomycetes|Pucciniales|Pucciniaceae|Puccinia|Puccinia rubigo-vera,10
Fungi|Basidiomycota|Pucciniomycotina|Pucciniomycetes|Pucciniales|Pucciniaceae|Puccinia|Puccinia vagans,3
Fungi|Basidiomycota|Pucciniomycotina|Pucciniomycetes|Pucciniales|Pucciniaceae|Uromyces,179
Fungi|Basidiomycota|Pucciniomycotina|Pucciniomycetes|Pucciniales|Pucciniaceae|Uromyces|Uromyces acuminatus,1
Fungi|Basidiomycota|Pucciniomycotina|Pucciniomycetes|Pucciniales|Pucciniastraceae|Calyptospora,2
Fungi|Basidiomycota|Pucciniomycotina|Pucciniomycetes|Pucciniales|Pucciniastraceae|Hyalopsora,5
Fungi|Basidiomycota|Pucciniomycotina|Pucciniomycetes|Pucciniales|Pucciniastraceae|Melampsorella,8
Fungi|Basidiomycota|Pucciniomycotina|Pucciniomycetes|Pucciniales|Pucciniastraceae|Melampsoridium,2
Fungi|Basidiomycota|Pucciniomycotina|Pucciniomycetes|Pucciniales|Pucciniastraceae|Milesia,7
Fungi|Basidiomycota|Pucciniomycotina|Pucciniomycetes|Pucciniales|Pucciniastraceae|Pucciniastrum,45
Fungi|Basidiomycota|Pucciniomycotina|Pucciniomycetes|Pucciniales|Pucciniastraceae|Thekopsora,1
Fungi|Basidiomycota|Pucciniomycotina|Pucciniomycetes|Pucciniales|Pucciniastraceae|Uredinopsis,10
Fungi|Basidiomycota|Pucciniomycotina|Pucciniomycetes|Pucciniales|Pucciniosiraceae|Pucciniosira,1
Fungi|Basidiomycota|Pucciniomycotina|Pucciniomycetes|Pucciniales|Raveneliaceae|Dicheirinia,2
Fungi|Basidiomycota|Pucciniomycotina|Pucciniomycetes|Pucciniales|Raveneliaceae|Nyssopsora,8
Fungi|Basidiomycota|Pucciniomycotina|Pucciniomycetes|Pucciniales|Raveneliaceae|Ravenelia,4
Fungi|Basidiomycota|Pucciniomycotina|Pucciniomycetes|Pucciniales|Raveneliaceae|Triphragmium,2
Fungi|Basidiomycota|Pucciniomycotina|Pucciniomycetes|Pucciniales|Uredo,7
Fungi|Basidiomycota|Pucciniomycotina|Pucciniomycetes|Pucciniales|Uropyxidaceae|Ochropsora,1
Fungi|Basidiomycota|Pucciniomycotina|Pucciniomycetes|Pucciniales|Uropyxidaceae|Prospodium,2
Fungi|Basidiomycota|Pucciniomycotina|Pucciniomycetes|Pucciniales|Uropyxidaceae|Tranzschelia,5
Fungi|Basidiomycota|Pucciniomycotina|Pucciniomycetes|Pucciniales|Uropyxidaceae|Uropyxis,4
Fungi|Basidiomycota|Pucciniomycotina|Pucciniomycetes|Septobasidiales|Septobasidiaceae|Glenospora,3
Fungi|Basidiomycota|Pucciniomycotina|Pucciniomycetes|Septobasidiales|Septobasidiaceae|Septobasidium,4
Fungi|Basidiomycota|Pucciniomycotina|Tritirachium,1
Fungi|Basidiomycota|Ustilaginomycotina|Exobasidiomycetes|Exobasidiomycetidae|Entylomatales|Entylomataceae|Entyloma,10
Fungi|Basidiomycota|Ustilaginomycotina|Exobasidiomycetes|Exobasidiomycetidae|Exobasidiales|Exobasidiaceae|Exobasidium,24
Fungi|Basidiomycota|Ustilaginomycotina|Exobasidiomycetes|Exobasidiomycetidae|Exobasidiales|Exobasidiaceae|Exobasidium|Exobasidium camelliae,1
Fungi|Basidiomycota|Ustilaginomycotina|Exobasidiomycetes|Exobasidiomycetidae|Microstromatales|Microstromataceae|Microstroma,1
Fungi|Basidiomycota|Ustilaginomycotina|Exobasidiomycetes|Exobasidiomycetidae|Tilletiales|Tilletiaceae|Tilletia,1
Fungi|Basidiomycota|Ustilaginomycotina|Ustilaginomycetes|Urocystidiales|Glomosporiaceae|Sorosporium,3
Fungi|Basidiomycota|Ustilaginomycotina|Ustilaginomycetes|Urocystidiales|Urocystidaceae|Tuburcinia,1
Fungi|Basidiomycota|Ustilaginomycotina|Ustilaginomycetes|Urocystidiales|Urocystidaceae|Urocystis,13
Fungi|Basidiomycota|Ustilaginomycotina|Ustilaginomycetes|Ustilaginomycetidae|Ustilaginales|Anthracoideaceae|Cintractia,14
Fungi|Basidiomycota|Ustilaginomycotina|Ustilaginomycetes|Ustilaginomycetidae|Ustilaginales|Anthracoideaceae|Schizonella,2
Fungi|Basidiomycota|Ustilaginomycotina|Ustilaginomycetes|Ustilaginomycetidae|Ustilaginales|Ustilaginaceae|Melanopsichium,2
Fungi|Basidiomycota|Ustilaginomycotina|Ustilaginomycetes|Ustilaginomycetidae|Ustilaginales|Ustilaginaceae|Ustilago,38
Fungi|Basidiomycota|Ustilaginomycotina|Ustilaginomycetes|Ustilaginomycetidae|Ustilaginales|Ustilaginaceae|Ustilago|Ustilago avenae,1
Fungi|Basidiomycota|Ustilaginomycotina|Ustilaginomycetes|Ustilaginomycetidae|Ustilaginales|Ustilaginaceae|Ustilago|Ustilago spegazzinii,3
Fungi|Blastocladiomycota|Basidiomycota|Pucciniomycotina|Pucciniomycetes|Blastocladiomycetes|Pucciniales|Blastocladiales|Phakopsoraceae|Physodermataceae|Physopella,1
Fungi|Blastocladiomycota|Blastocladiomycetes|Blastocladiales|Physodermataceae|Physoderma,1
Fungi|Chytridiomycota|Chytridiomycetes|Chytridiales|Chytridiaceae|Chytridium,1
Fungi|Chytridiomycota|Chytridiomycetes|Chytridiales|Synchytriaceae|Synchytrium,9
Fungi|Zygomycota|Ascomycota|Pezizomycotina|Mucoromycotina|Lecanoromycetes|Lecanoromycetidae|Teloschistales|Mucorales|Rhizopodaceae|Caliciaceae|Mucoraceae|Mucor,1
Fungi|Zygomycota|Entomophthoromycotina|Entomophthorales|Entomophthoraceae|Empusa,1
Fungi|Zygomycota|Entomophthoromycotina|Entomophthorales|Entomophthoraceae|Massospora,1
Fungi|Zygomycota|Mucoromycotina|Mucorales|Cunninghamellaceae|Cunninghamella,1
Incertae Sedis|Fungi|Ascomycota|Pezizomycotina|Arthrobotryum,4
Incertae Sedis|Fungi|Ascomycota|Pezizomycotina|Leotiomycetes|Leotiomycetidae|Erysiphales|Erysiphaceae|Sphaerotheca,12
Incertae Sedis|Fungi|Ascomycota|Pezizomycotina|Leotiomycetes|Leotiomycetidae|Erysiphales|Erysiphaceae|Sphaerotheca|Sphaerotheca humuli,3
Incertae Sedis|Fungi|Ascomycota|Pezizomycotina|Micropera,1
Incertae Sedis|Fungi|Ascomycota|Pezizomycotina|Physospora,1
Incertae Sedis|Fungi|Ascomycota|Pezizomycotina|Sordariomycetes|Dothideomycetes|Xylariomycetidae|Xylariales|Pseudomassariaceae|Hyponectriaceae|Apiosporella,1
Incertae Sedis|Fungi|Ascomycota|Pezizomycotina|Sordariomycetes|Hypocreomycetidae|Hypocreales|Hypocreaceae|Trichoderma,2
Incertae Sedis|Fungi|Ascomycota|Pezizomycotina|Spondylocladium,1
Incertae Sedis|Fungi|Basidiomycota|Agaricomycotina|Agaricomycetes|Auriculariales|Phlogiotis,4
Incertae Sedis|Fungi|Basidiomycota|Agaricomycotina|Agaricomycetes|Auriculariales|Tremellodon,9
Incertae Sedis|Fungi|Basidiomycota|Pucciniomycotina|Pucciniomycetes|Pucciniales|Nigredo,3
Incertae Sedis|Fungi|Zygomycota|Mucoromycotina|Mucorales|Sporodinia,1
Protozoa|Myxomycota,109
Protozoa|Myxomycota|Mycetozoa|Amoebozoa|Myxogastrea|Stemonitida|Stemonitidaceae,1
Protozoa|Myxomycota|Mycetozoa|Amoebozoa|Myxogastrea|Stemonitida|Stemonitidaceae|Diachea,1
Protozoa|Myxomycota|Mycetozoa|Amoebozoa|Myxogastrea|Stemonitida|Stemonitidaceae|Lamproderma,1
Protozoa|Myxomycota|Mycetozoa|Amoebozoa|Myxogastrea|Stemonitida|Stemonitidaceae|Stemonitis,35
Protozoa|Myxomycota|Myxomycetes,12
Protozoa|Myxomycota|Myxomycetes|Liceales|Cribrariaceae,3
Protozoa|Myxomycota|Myxomycetes|Liceales|Reticulariaceae,5
Protozoa|Myxomycota|Myxomycetes|Liceales|Reticulariaceae|Lycogala,43
Protozoa|Myxomycota|Myxomycetes|Physarales|Didymiaceae|Diderma,2
Protozoa|Myxomycota|Myxomycetes|Physarales|Physaraceae|Badhamia,1
Protozoa|Myxomycota|Myxomycetes|Physarales|Physaraceae|Fuligo,19
Protozoa|Myxomycota|Myxomycetes|Physarales|Physaraceae|Fuligo|Fuligo septica,1
Protozoa|Myxomycota|Myxomycetes|Physarales|Physaraceae|Physarum,22
Protozoa|Myxomycota|Myxomycetes|Trichiales,120
Protozoa|Myxomycota|Myxomycetes|Trichiales|Arcyriaceae,38
Protozoa|Myxomycota|Myxomycetes|Trichiales|Arcyriaceae|Arcyria,11
Protozoa|Myxomycota|Myxomycetes|Trichiales|Trichiaceae|Trichia,14
Rubroboletus,1
